ID,pollutant_id,pollutant_averaging,date,pollutant_value,pollutant_unit,station_id,X,Y,ID_estacion,method_id
1,SO2,24,04/01/2012,9,ug/m3,UYMVD_E1,572831,6136774,Ciudad Vieja 1,UYMVD_SO2_T
2,SO2,24,04/01/2012,6,ug/m3,UYMVD_E4,573289,6142937,Prado,UYMVD_SO2_T
3,SO2,24,04/01/2012,9,ug/m3,UYMVD_E7,583737,6139486,Portones de Carrasco 2,UYMVD_SO2_T
4,SO2,24,10/01/2012,24,ug/m3,UYMVD_E1,572831,6136774,Ciudad Vieja 1,UYMVD_SO2_T
5,SO2,24,10/01/2012,4,ug/m3,UYMVD_E4,573289,6142937,Prado,UYMVD_SO2_T
6,SO2,24,10/01/2012,6,ug/m3,UYMVD_E7,583737,6139486,Portones de Carrasco 2,UYMVD_SO2_T
7,SO2,24,16/01/2012,40,ug/m3,UYMVD_E1,572831,6136774,Ciudad Vieja 1,UYMVD_SO2_T
8,SO2,24,16/01/2012,6,ug/m3,UYMVD_E4,573289,6142937,Prado,UYMVD_SO2_T
9,SO2,24,16/01/2012,8,ug/m3,UYMVD_E7,583737,6139486,Portones de Carrasco 2,UYMVD_SO2_T
10,SO2,24,22/01/2012,18,ug/m3,UYMVD_E1,572831,6136774,Ciudad Vieja 1,UYMVD_SO2_T
11,SO2,24,22/01/2012,4,ug/m3,UYMVD_E4,573289,6142937,Prado,UYMVD_SO2_T
12,SO2,24,22/01/2012,8,ug/m3,UYMVD_E7,583737,6139486,Portones de Carrasco 2,UYMVD_SO2_T
13,SO2,24,28/01/2012,16,ug/m3,UYMVD_E1,572831,6136774,Ciudad Vieja 1,UYMVD_SO2_T
14,SO2,24,28/01/2012,6,ug/m3,UYMVD_E4,573289,6142937,Prado,UYMVD_SO2_T
15,SO2,24,03/02/2012,13,ug/m3,UYMVD_E1,572831,6136774,Ciudad Vieja 1,UYMVD_SO2_T
16,SO2,24,03/02/2012,6,ug/m3,UYMVD_E4,573289,6142937,Prado,UYMVD_SO2_T
17,SO2,24,03/02/2012,23,ug/m3,UYMVD_E7,583737,6139486,Portones de Carrasco 2,UYMVD_SO2_T
18,SO2,24,09/02/2012,5,ug/m3,UYMVD_E1,572831,6136774,Ciudad Vieja 1,UYMVD_SO2_T
19,SO2,24,09/02/2012,4,ug/m3,UYMVD_E4,573289,6142937,Prado,UYMVD_SO2_T
20,SO2,24,09/02/2012,6,ug/m3,UYMVD_E7,583737,6139486,Portones de Carrasco 2,UYMVD_SO2_T
21,SO2,24,15/02/2012,3,ug/m3,UYMVD_E1,572831,6136774,Ciudad Vieja 1,UYMVD_SO2_T
22,SO2,24,21/02/2012,9,ug/m3,UYMVD_E1,572831,6136774,Ciudad Vieja 1,UYMVD_SO2_T
23,SO2,24,21/02/2012,9,ug/m3,UYMVD_E4,573289,6142937,Prado,UYMVD_SO2_T
24,SO2,24,21/02/2012,10,ug/m3,UYMVD_E7,583737,6139486,Portones de Carrasco 2,UYMVD_SO2_T
25,SO2,24,27/02/2012,19,ug/m3,UYMVD_E4,573289,6142937,Prado,UYMVD_SO2_T
26,SO2,24,04/03/2012,25,ug/m3,UYMVD_E1,572831,6136774,Ciudad Vieja 1,UYMVD_SO2_T
27,SO2,24,04/03/2012,8,ug/m3,UYMVD_E3,570883,6142541,La Teja 2,UYMVD_SO2_T
28,SO2,24,04/03/2012,8,ug/m3,UYMVD_E7,583737,6139486,Portones de Carrasco 2,UYMVD_SO2_T
29,SO2,24,10/03/2012,34,ug/m3,UYMVD_E1,572831,6136774,Ciudad Vieja 1,UYMVD_SO2_T
30,SO2,24,10/03/2012,7,ug/m3,UYMVD_E3,570883,6142541,La Teja 2,UYMVD_SO2_T
31,SO2,24,10/03/2012,10,ug/m3,UYMVD_E7,583737,6139486,Portones de Carrasco 2,UYMVD_SO2_T
32,SO2,24,11/03/2012,19,ug/m3,UYMVD_E1,572831,6136774,Ciudad Vieja 1,UYMVD_SO2_T
33,SO2,24,16/03/2012,34,ug/m3,UYMVD_E1,572831,6136774,Ciudad Vieja 1,UYMVD_SO2_T
34,SO2,24,16/03/2012,7,ug/m3,UYMVD_E4,573289,6142937,Prado,UYMVD_SO2_T
35,SO2,24,16/03/2012,10,ug/m3,UYMVD_E7,583737,6139486,Portones de Carrasco 2,UYMVD_SO2_T
36,SO2,24,22/03/2012,18,ug/m3,UYMVD_E1,572831,6136774,Ciudad Vieja 1,UYMVD_SO2_T
37,SO2,24,22/03/2012,35,ug/m3,UYMVD_E4,573289,6142937,Prado,UYMVD_SO2_T
38,SO2,24,22/03/2012,11,ug/m3,UYMVD_E7,583737,6139486,Portones de Carrasco 2,UYMVD_SO2_T
39,SO2,24,28/03/2012,22,ug/m3,UYMVD_E1,572831,6136774,Ciudad Vieja 1,UYMVD_SO2_T
40,SO2,24,28/03/2012,39,ug/m3,UYMVD_E4,573289,6142937,Prado,UYMVD_SO2_T
41,SO2,24,28/03/2012,7,ug/m3,UYMVD_E7,583737,6139486,Portones de Carrasco 2,UYMVD_SO2_T
42,SO2,24,03/04/2012,9,ug/m3,UYMVD_E1,572831,6136774,Ciudad Vieja 1,UYMVD_SO2_T
43,SO2,24,03/04/2012,6,ug/m3,UYMVD_E4,573289,6142937,Prado,UYMVD_SO2_T
44,SO2,24,09/04/2012,12,ug/m3,UYMVD_E1,572831,6136774,Ciudad Vieja 1,UYMVD_SO2_T
45,SO2,24,09/04/2012,4,ug/m3,UYMVD_E4,573289,6142937,Prado,UYMVD_SO2_T
46,SO2,24,15/04/2012,7,ug/m3,UYMVD_E1,572831,6136774,Ciudad Vieja 1,UYMVD_SO2_T
47,SO2,24,15/04/2012,11,ug/m3,UYMVD_E4,573289,6142937,Prado,UYMVD_SO2_T
48,SO2,24,15/04/2012,9,ug/m3,UYMVD_E7,583737,6139486,Portones de Carrasco 2,UYMVD_SO2_T
49,SO2,24,21/04/2012,6,ug/m3,UYMVD_E1,572831,6136774,Ciudad Vieja 1,UYMVD_SO2_T
50,SO2,24,21/04/2012,6,ug/m3,UYMVD_E4,573289,6142937,Prado,UYMVD_SO2_T
51,SO2,24,21/04/2012,7,ug/m3,UYMVD_E7,583737,6139486,Portones de Carrasco 2,UYMVD_SO2_T
52,SO2,24,27/04/2012,3,ug/m3,UYMVD_E1,572831,6136774,Ciudad Vieja 1,UYMVD_SO2_T
53,SO2,24,27/04/2012,5,ug/m3,UYMVD_E7,583737,6139486,Portones de Carrasco 2,UYMVD_SO2_T
54,SO2,24,03/05/2012,125,ug/m3,UYMVD_E1,572831,6136774,Ciudad Vieja 1,UYMVD_SO2_T
55,SO2,24,03/05/2012,11,ug/m3,UYMVD_E4,573289,6142937,Prado,UYMVD_SO2_T
56,SO2,24,09/05/2012,7,ug/m3,UYMVD_E4,573289,6142937,Prado,UYMVD_SO2_T
57,SO2,24,09/05/2012,10,ug/m3,UYMVD_E7,583737,6139486,Portones de Carrasco 2,UYMVD_SO2_T
58,SO2,24,15/05/2012,5,ug/m3,UYMVD_E4,573289,6142937,Prado,UYMVD_SO2_T
59,SO2,24,15/05/2012,23,ug/m3,UYMVD_E7,583737,6139486,Portones de Carrasco 2,UYMVD_SO2_T
60,SO2,24,21/05/2012,17,ug/m3,UYMVD_E1,572831,6136774,Ciudad Vieja 1,UYMVD_SO2_T
61,SO2,24,21/05/2012,3,ug/m3,UYMVD_E7,583737,6139486,Portones de Carrasco 2,UYMVD_SO2_T
62,SO2,24,27/05/2012,20,ug/m3,UYMVD_E1,572831,6136774,Ciudad Vieja 1,UYMVD_SO2_T
63,SO2,24,27/05/2012,2,ug/m3,UYMVD_E7,583737,6139486,Portones de Carrasco 2,UYMVD_SO2_T
64,SO2,24,02/06/2012,42,ug/m3,UYMVD_E1,572831,6136774,Ciudad Vieja 1,UYMVD_SO2_T
65,SO2,24,02/06/2012,3,ug/m3,UYMVD_E4,573289,6142937,Prado,UYMVD_SO2_T
66,SO2,24,02/06/2012,5,ug/m3,UYMVD_E7,583737,6139486,Portones de Carrasco 2,UYMVD_SO2_T
67,SO2,24,08/06/2012,27,ug/m3,UYMVD_E1,572831,6136774,Ciudad Vieja 1,UYMVD_SO2_T
68,SO2,24,08/06/2012,7,ug/m3,UYMVD_E4,573289,6142937,Prado,UYMVD_SO2_T
69,SO2,24,08/06/2012,48,ug/m3,UYMVD_E7,583737,6139486,Portones de Carrasco 2,UYMVD_SO2_T
70,SO2,24,20/06/2012,58,ug/m3,UYMVD_E1,572831,6136774,Ciudad Vieja 1,UYMVD_SO2_T
71,SO2,24,20/06/2012,14,ug/m3,UYMVD_E7,583737,6139486,Portones de Carrasco 2,UYMVD_SO2_T
72,SO2,24,26/06/2012,97,ug/m3,UYMVD_E1,572831,6136774,Ciudad Vieja 1,UYMVD_SO2_T
73,SO2,24,26/06/2012,5,ug/m3,UYMVD_E7,583737,6139486,Portones de Carrasco 2,UYMVD_SO2_T
74,SO2,24,02/07/2012,7,ug/m3,UYMVD_E1,572831,6136774,Ciudad Vieja 1,UYMVD_SO2_T
75,SO2,24,02/07/2012,3,ug/m3,UYMVD_E5,576888,6138953,Tres Cruces,UYMVD_SO2_T
76,SO2,24,02/07/2012,11,ug/m3,UYMVD_E7,583737,6139486,Portones de Carrasco 2,UYMVD_SO2_T
77,SO2,24,08/07/2012,126,ug/m3,UYMVD_E1,572831,6136774,Ciudad Vieja 1,UYMVD_SO2_T
78,SO2,24,08/07/2012,17,ug/m3,UYMVD_E5,576888,6138953,Tres Cruces,UYMVD_SO2_T
79,SO2,24,08/07/2012,18,ug/m3,UYMVD_E7,583737,6139486,Portones de Carrasco 2,UYMVD_SO2_T
80,SO2,24,14/07/2012,9,ug/m3,UYMVD_E1,572831,6136774,Ciudad Vieja 1,UYMVD_SO2_T
81,SO2,24,14/07/2012,17,ug/m3,UYMVD_E5,576888,6138953,Tres Cruces,UYMVD_SO2_T
82,SO2,24,14/07/2012,14,ug/m3,UYMVD_E7,583737,6139486,Portones de Carrasco 2,UYMVD_SO2_T
83,SO2,24,20/07/2012,81,ug/m3,UYMVD_E1,572831,6136774,Ciudad Vieja 1,UYMVD_SO2_T
84,SO2,24,20/07/2012,49,ug/m3,UYMVD_E5,576888,6138953,Tres Cruces,UYMVD_SO2_T
85,SO2,24,20/07/2012,33,ug/m3,UYMVD_E7,583737,6139486,Portones de Carrasco 2,UYMVD_SO2_T
86,SO2,24,26/07/2012,59,ug/m3,UYMVD_E1,572831,6136774,Ciudad Vieja 1,UYMVD_SO2_T
87,SO2,24,26/07/2012,19,ug/m3,UYMVD_E5,576888,6138953,Tres Cruces,UYMVD_SO2_T
88,SO2,24,26/07/2012,13,ug/m3,UYMVD_E7,583737,6139486,Portones de Carrasco 2,UYMVD_SO2_T
89,SO2,24,01/08/2012,8,ug/m3,UYMVD_E1,572831,6136774,Ciudad Vieja 1,UYMVD_SO2_T
90,SO2,24,01/08/2012,34,ug/m3,UYMVD_E5,576888,6138953,Tres Cruces,UYMVD_SO2_T
91,SO2,24,07/08/2012,15,ug/m3,UYMVD_E1,572831,6136774,Ciudad Vieja 1,UYMVD_SO2_T
92,SO2,24,07/08/2012,7,ug/m3,UYMVD_E5,576888,6138953,Tres Cruces,UYMVD_SO2_T
93,SO2,24,13/08/2012,46,ug/m3,UYMVD_E1,572831,6136774,Ciudad Vieja 1,UYMVD_SO2_T
94,SO2,24,13/08/2012,18,ug/m3,UYMVD_E5,576888,6138953,Tres Cruces,UYMVD_SO2_T
95,SO2,24,19/08/2012,10,ug/m3,UYMVD_E1,572831,6136774,Ciudad Vieja 1,UYMVD_SO2_T
96,SO2,24,19/08/2012,27,ug/m3,UYMVD_E5,576888,6138953,Tres Cruces,UYMVD_SO2_T
97,SO2,24,19/08/2012,28,ug/m3,UYMVD_E6,579230,6142255,Curva de Maronas,UYMVD_SO2_T
98,SO2,24,25/08/2012,2,ug/m3,UYMVD_E1,572831,6136774,Ciudad Vieja 1,UYMVD_SO2_T
99,SO2,24,25/08/2012,5,ug/m3,UYMVD_E6,579230,6142255,Curva de Maronas,UYMVD_SO2_T
100,SO2,24,26/08/2012,6,ug/m3,UYMVD_E5,576888,6138953,Tres Cruces,UYMVD_SO2_T
101,SO2,24,31/08/2012,44,ug/m3,UYMVD_E1,572831,6136774,Ciudad Vieja 1,UYMVD_SO2_T
102,SO2,24,31/08/2012,24,ug/m3,UYMVD_E5,576888,6138953,Tres Cruces,UYMVD_SO2_T
103,SO2,24,31/08/2012,28,ug/m3,UYMVD_E6,579230,6142255,Curva de Maronas,UYMVD_SO2_T
104,SO2,24,31/08/2012,12,ug/m3,UYMVD_E7,583737,6139486,Portones de Carrasco 2,UYMVD_SO2_T
105,SO2,24,06/09/2012,20,ug/m3,UYMVD_E1,572831,6136774,Ciudad Vieja 1,UYMVD_SO2_T
106,SO2,24,06/09/2012,4,ug/m3,UYMVD_E5,576888,6138953,Tres Cruces,UYMVD_SO2_T
107,SO2,24,06/09/2012,6,ug/m3,UYMVD_E6,579230,6142255,Curva de Maronas,UYMVD_SO2_T
108,SO2,24,12/09/2012,36,ug/m3,UYMVD_E1,572831,6136774,Ciudad Vieja 1,UYMVD_SO2_T
109,SO2,24,12/09/2012,29,ug/m3,UYMVD_E5,576888,6138953,Tres Cruces,UYMVD_SO2_T
110,SO2,24,12/09/2012,25,ug/m3,UYMVD_E6,579230,6142255,Curva de Maronas,UYMVD_SO2_T
111,SO2,24,12/09/2012,10,ug/m3,UYMVD_E7,583737,6139486,Portones de Carrasco 2,UYMVD_SO2_T
112,SO2,24,18/09/2012,7,ug/m3,UYMVD_E1,572831,6136774,Ciudad Vieja 1,UYMVD_SO2_T
113,SO2,24,18/09/2012,4,ug/m3,UYMVD_E6,579230,6142255,Curva de Maronas,UYMVD_SO2_T
114,SO2,24,18/09/2012,16,ug/m3,UYMVD_E7,583737,6139486,Portones de Carrasco 2,UYMVD_SO2_T
115,SO2,24,24/09/2012,9,ug/m3,UYMVD_E1,572831,6136774,Ciudad Vieja 1,UYMVD_SO2_T
116,SO2,24,24/09/2012,9,ug/m3,UYMVD_E5,576888,6138953,Tres Cruces,UYMVD_SO2_T
117,SO2,24,24/09/2012,12,ug/m3,UYMVD_E6,579230,6142255,Curva de Maronas,UYMVD_SO2_T
118,SO2,24,30/09/2012,19,ug/m3,UYMVD_E1,572831,6136774,Ciudad Vieja 1,UYMVD_SO2_T
119,SO2,24,30/09/2012,4,ug/m3,UYMVD_E5,576888,6138953,Tres Cruces,UYMVD_SO2_T
120,SO2,24,30/09/2012,1,ug/m3,UYMVD_E7,583737,6139486,Portones de Carrasco 2,UYMVD_SO2_T
121,SO2,24,06/10/2012,5,ug/m3,UYMVD_E1,572831,6136774,Ciudad Vieja 1,UYMVD_SO2_T
122,SO2,24,06/10/2012,16,ug/m3,UYMVD_E5,576888,6138953,Tres Cruces,UYMVD_SO2_T
123,SO2,24,06/10/2012,8,ug/m3,UYMVD_E6,579230,6142255,Curva de Maronas,UYMVD_SO2_T
124,SO2,24,06/10/2012,4,ug/m3,UYMVD_E7,583737,6139486,Portones de Carrasco 2,UYMVD_SO2_T
125,SO2,24,12/10/2012,18,ug/m3,UYMVD_E1,572831,6136774,Ciudad Vieja 1,UYMVD_SO2_T
126,SO2,24,12/10/2012,13,ug/m3,UYMVD_E5,576888,6138953,Tres Cruces,UYMVD_SO2_T
127,SO2,24,12/10/2012,22,ug/m3,UYMVD_E6,579230,6142255,Curva de Maronas,UYMVD_SO2_T
128,SO2,24,12/10/2012,8,ug/m3,UYMVD_E7,583737,6139486,Portones de Carrasco 2,UYMVD_SO2_T
129,SO2,24,18/10/2012,9,ug/m3,UYMVD_E1,572831,6136774,Ciudad Vieja 1,UYMVD_SO2_T
130,SO2,24,18/10/2012,9,ug/m3,UYMVD_E5,576888,6138953,Tres Cruces,UYMVD_SO2_T
131,SO2,24,18/10/2012,19,ug/m3,UYMVD_E6,579230,6142255,Curva de Maronas,UYMVD_SO2_T
132,SO2,24,18/10/2012,4,ug/m3,UYMVD_E7,583737,6139486,Portones de Carrasco 2,UYMVD_SO2_T
133,SO2,24,24/10/2012,5,ug/m3,UYMVD_E1,572831,6136774,Ciudad Vieja 1,UYMVD_SO2_T
134,SO2,24,24/10/2012,11,ug/m3,UYMVD_E5,576888,6138953,Tres Cruces,UYMVD_SO2_T
135,SO2,24,24/10/2012,12,ug/m3,UYMVD_E6,579230,6142255,Curva de Maronas,UYMVD_SO2_T
136,SO2,24,24/10/2012,5,ug/m3,UYMVD_E7,583737,6139486,Portones de Carrasco 2,UYMVD_SO2_T
137,SO2,24,30/10/2012,9,ug/m3,UYMVD_E1,572831,6136774,Ciudad Vieja 1,UYMVD_SO2_T
138,SO2,24,30/10/2012,6,ug/m3,UYMVD_E5,576888,6138953,Tres Cruces,UYMVD_SO2_T
139,SO2,24,30/10/2012,3,ug/m3,UYMVD_E7,583737,6139486,Portones de Carrasco 2,UYMVD_SO2_T
140,SO2,24,05/11/2012,23,ug/m3,UYMVD_E1,572831,6136774,Ciudad Vieja 1,UYMVD_SO2_T
141,SO2,24,05/11/2012,17,ug/m3,UYMVD_E5,576888,6138953,Tres Cruces,UYMVD_SO2_T
142,SO2,24,05/11/2012,4,ug/m3,UYMVD_E7,583737,6139486,Portones de Carrasco 2,UYMVD_SO2_T
143,SO2,24,11/11/2012,16,ug/m3,UYMVD_E1,572831,6136774,Ciudad Vieja 1,UYMVD_SO2_T
144,SO2,24,11/11/2012,1,ug/m3,UYMVD_E5,576888,6138953,Tres Cruces,UYMVD_SO2_T
145,SO2,24,11/11/2012,21,ug/m3,UYMVD_E6,579230,6142255,Curva de Maronas,UYMVD_SO2_T
146,SO2,24,11/11/2012,17,ug/m3,UYMVD_E7,583737,6139486,Portones de Carrasco 2,UYMVD_SO2_T
147,SO2,24,17/11/2012,5,ug/m3,UYMVD_E1,572831,6136774,Ciudad Vieja 1,UYMVD_SO2_T
148,SO2,24,17/11/2012,5,ug/m3,UYMVD_E6,579230,6142255,Curva de Maronas,UYMVD_SO2_T
149,SO2,24,17/11/2012,4,ug/m3,UYMVD_E7,583737,6139486,Portones de Carrasco 2,UYMVD_SO2_T
150,SO2,24,23/11/2012,6,ug/m3,UYMVD_E5,576888,6138953,Tres Cruces,UYMVD_SO2_T
151,SO2,24,23/11/2012,13,ug/m3,UYMVD_E6,579230,6142255,Curva de Maronas,UYMVD_SO2_T
152,SO2,24,23/11/2012,2,ug/m3,UYMVD_E7,583737,6139486,Portones de Carrasco 2,UYMVD_SO2_T
153,SO2,24,29/11/2012,13,ug/m3,UYMVD_E1,572831,6136774,Ciudad Vieja 1,UYMVD_SO2_T
154,SO2,24,29/11/2012,8,ug/m3,UYMVD_E5,576888,6138953,Tres Cruces,UYMVD_SO2_T
155,SO2,24,05/12/2012,17,ug/m3,UYMVD_E1,572831,6136774,Ciudad Vieja 1,UYMVD_SO2_T
156,SO2,24,05/12/2012,16,ug/m3,UYMVD_E5,576888,6138953,Tres Cruces,UYMVD_SO2_T
157,SO2,24,05/12/2012,16,ug/m3,UYMVD_E6,579230,6142255,Curva de Maronas,UYMVD_SO2_T
158,SO2,24,11/12/2012,4,ug/m3,UYMVD_E1,572831,6136774,Ciudad Vieja 1,UYMVD_SO2_T
159,SO2,24,11/12/2012,2,ug/m3,UYMVD_E7,583737,6139486,Portones de Carrasco 2,UYMVD_SO2_T
160,SO2,24,17/12/2012,8,ug/m3,UYMVD_E1,572831,6136774,Ciudad Vieja 1,UYMVD_SO2_T
161,SO2,24,23/12/2012,3,ug/m3,UYMVD_E1,572831,6136774,Ciudad Vieja 1,UYMVD_SO2_T
162,SO2,24,23/12/2012,4,ug/m3,UYMVD_E5,576888,6138953,Tres Cruces,UYMVD_SO2_T
163,SO2,24,23/12/2012,5,ug/m3,UYMVD_E7,583737,6139486,Portones de Carrasco 2,UYMVD_SO2_T
164,SO2,24,29/12/2012,21,ug/m3,UYMVD_E1,572831,6136774,Ciudad Vieja 1,UYMVD_SO2_T
165,SO2,24,29/12/2012,11,ug/m3,UYMVD_E5,576888,6138953,Tres Cruces,UYMVD_SO2_T
166,SO2,24,29/12/2012,17,ug/m3,UYMVD_E6,579230,6142255,Curva de Maronas,UYMVD_SO2_T
167,SO2,24,29/12/2012,7,ug/m3,UYMVD_E7,583737,6139486,Portones de Carrasco 2,UYMVD_SO2_T
168,SO2,24,04/01/2013,18,ug/m3,UYMVD_E1,572831,6136774,Ciudad Vieja 1,UYMVD_SO2_T
169,SO2,24,04/01/2013,19,ug/m3,UYMVD_E6,579230,6142255,Curva de Maronas,UYMVD_SO2_T
170,SO2,24,04/01/2013,7,ug/m3,UYMVD_E7,583737,6139486,Portones de Carrasco 2,UYMVD_SO2_T
171,SO2,24,10/01/2013,11,ug/m3,UYMVD_E1,572831,6136774,Ciudad Vieja 1,UYMVD_SO2_T
172,SO2,24,10/01/2013,6,ug/m3,UYMVD_E5,576214,6138373,Tres Cruces 2,UYMVD_SO2_T
173,SO2,24,10/01/2013,19,ug/m3,UYMVD_E6,579230,6142255,Curva de Maronas,UYMVD_SO2_T
174,SO2,24,10/01/2013,4,ug/m3,UYMVD_E7,583737,6139486,Portones de Carrasco 2,UYMVD_SO2_T
175,SO2,24,16/01/2013,13,ug/m3,UYMVD_E1,572831,6136774,Ciudad Vieja 1,UYMVD_SO2_T
176,SO2,24,16/01/2013,7,ug/m3,UYMVD_E5,576214,6138373,Tres Cruces 2,UYMVD_SO2_T
177,SO2,24,16/01/2013,8,ug/m3,UYMVD_E6,579230,6142255,Curva de Maronas,UYMVD_SO2_T
178,SO2,24,16/01/2013,3,ug/m3,UYMVD_E7,583737,6139486,Portones de Carrasco 2,UYMVD_SO2_T
179,SO2,24,22/01/2013,6,ug/m3,UYMVD_E1,572831,6136774,Ciudad Vieja 1,UYMVD_SO2_T
180,SO2,24,22/01/2013,9,ug/m3,UYMVD_E5,576214,6138373,Tres Cruces 2,UYMVD_SO2_T
181,SO2,24,22/01/2013,24,ug/m3,UYMVD_E6,579230,6142255,Curva de Maronas,UYMVD_SO2_T
182,SO2,24,22/01/2013,4,ug/m3,UYMVD_E7,583737,6139486,Portones de Carrasco 2,UYMVD_SO2_T
183,SO2,24,28/01/2013,20,ug/m3,UYMVD_E1,572831,6136774,Ciudad Vieja 1,UYMVD_SO2_T
184,SO2,24,28/01/2013,10,ug/m3,UYMVD_E5,576214,6138373,Tres Cruces 2,UYMVD_SO2_T
185,SO2,24,28/01/2013,19,ug/m3,UYMVD_E6,579230,6142255,Curva de Maronas,UYMVD_SO2_T
186,SO2,24,28/01/2013,8,ug/m3,UYMVD_E7,583737,6139486,Portones de Carrasco 2,UYMVD_SO2_T
187,SO2,24,03/02/2013,16,ug/m3,UYMVD_E1,572831,6136774,Ciudad Vieja 1,UYMVD_SO2_T
188,SO2,24,03/02/2013,17,ug/m3,UYMVD_E5,576214,6138373,Tres Cruces 2,UYMVD_SO2_T
189,SO2,24,03/02/2013,14,ug/m3,UYMVD_E6,579230,6142255,Curva de Maronas,UYMVD_SO2_T
190,SO2,24,03/02/2013,15,ug/m3,UYMVD_E7,583737,6139486,Portones de Carrasco 2,UYMVD_SO2_T
191,SO2,24,09/02/2013,19,ug/m3,UYMVD_E1,572831,6136774,Ciudad Vieja 1,UYMVD_SO2_T
192,SO2,24,09/02/2013,21,ug/m3,UYMVD_E5,576214,6138373,Tres Cruces 2,UYMVD_SO2_T
193,SO2,24,09/02/2013,16,ug/m3,UYMVD_E6,579230,6142255,Curva de Maronas,UYMVD_SO2_T
194,SO2,24,09/02/2013,34,ug/m3,UYMVD_E7,583737,6139486,Portones de Carrasco 2,UYMVD_SO2_T
195,SO2,24,15/02/2013,18,ug/m3,UYMVD_E1,572831,6136774,Ciudad Vieja 1,UYMVD_SO2_T
196,SO2,24,15/02/2013,12,ug/m3,UYMVD_E5,576214,6138373,Tres Cruces 2,UYMVD_SO2_T
197,SO2,24,15/02/2013,14,ug/m3,UYMVD_E6,579230,6142255,Curva de Maronas,UYMVD_SO2_T
198,SO2,24,15/02/2013,7,ug/m3,UYMVD_E7,583737,6139486,Portones de Carrasco 2,UYMVD_SO2_T
199,SO2,24,21/02/2013,14,ug/m3,UYMVD_E1,572831,6136774,Ciudad Vieja 1,UYMVD_SO2_T
200,SO2,24,21/02/2013,6,ug/m3,UYMVD_E5,576214,6138373,Tres Cruces 2,UYMVD_SO2_T
201,SO2,24,21/02/2013,16,ug/m3,UYMVD_E6,579230,6142255,Curva de Maronas,UYMVD_SO2_T
202,SO2,24,21/02/2013,4,ug/m3,UYMVD_E7,583737,6139486,Portones de Carrasco 2,UYMVD_SO2_T
203,SO2,24,27/02/2013,10,ug/m3,UYMVD_E1,572831,6136774,Ciudad Vieja 1,UYMVD_SO2_T
204,SO2,24,27/02/2013,8,ug/m3,UYMVD_E5,576214,6138373,Tres Cruces 2,UYMVD_SO2_T
205,SO2,24,27/02/2013,8,ug/m3,UYMVD_E6,579230,6142255,Curva de Maronas,UYMVD_SO2_T
206,SO2,24,27/02/2013,13,ug/m3,UYMVD_E7,583737,6139486,Portones de Carrasco 2,UYMVD_SO2_T
207,SO2,24,05/03/2013,22,ug/m3,UYMVD_E1,572831,6136774,Ciudad Vieja 1,UYMVD_SO2_T
208,SO2,24,05/03/2013,11,ug/m3,UYMVD_E5,576214,6138373,Tres Cruces 2,UYMVD_SO2_T
209,SO2,24,05/03/2013,18,ug/m3,UYMVD_E6,579230,6142255,Curva de Maronas,UYMVD_SO2_T
210,SO2,24,05/03/2013,7,ug/m3,UYMVD_E7,583737,6139486,Portones de Carrasco 2,UYMVD_SO2_T
211,SO2,24,11/03/2013,12,ug/m3,UYMVD_E5,576214,6138373,Tres Cruces 2,UYMVD_SO2_T
212,SO2,24,11/03/2013,11,ug/m3,UYMVD_E6,579230,6142255,Curva de Maronas,UYMVD_SO2_T
213,SO2,24,17/03/2013,4,ug/m3,UYMVD_E1,572831,6136774,Ciudad Vieja 1,UYMVD_SO2_T
214,SO2,24,17/03/2013,2,ug/m3,UYMVD_E5,576214,6138373,Tres Cruces 2,UYMVD_SO2_T
215,SO2,24,17/03/2013,7,ug/m3,UYMVD_E6,579230,6142255,Curva de Maronas,UYMVD_SO2_T
216,SO2,24,29/03/2013,96,ug/m3,UYMVD_E1,572831,6136774,Ciudad Vieja 1,UYMVD_SO2_T
217,SO2,24,29/03/2013,5,ug/m3,UYMVD_E5,576214,6138373,Tres Cruces 2,UYMVD_SO2_T
218,SO2,24,29/03/2013,10,ug/m3,UYMVD_E6,579230,6142255,Curva de Maronas,UYMVD_SO2_T
219,SO2,24,04/04/2013,21,ug/m3,UYMVD_E1,572831,6136774,Ciudad Vieja 1,UYMVD_SO2_T
220,SO2,24,04/04/2013,20,ug/m3,UYMVD_E5,576214,6138373,Tres Cruces 2,UYMVD_SO2_T
221,SO2,24,10/04/2013,13,ug/m3,UYMVD_E1,572831,6136774,Ciudad Vieja 1,UYMVD_SO2_T
222,SO2,24,10/04/2013,11,ug/m3,UYMVD_E6,579230,6142255,Curva de Maronas,UYMVD_SO2_T
223,SO2,24,10/04/2013,4,ug/m3,UYMVD_E7,583737,6139486,Portones de Carrasco 2,UYMVD_SO2_T
224,SO2,24,16/04/2013,8,ug/m3,UYMVD_E1,572831,6136774,Ciudad Vieja 1,UYMVD_SO2_T
225,SO2,24,16/04/2013,5,ug/m3,UYMVD_E5,576214,6138373,Tres Cruces 2,UYMVD_SO2_T
226,SO2,24,16/04/2013,11,ug/m3,UYMVD_E6,579230,6142255,Curva de Maronas,UYMVD_SO2_T
227,SO2,24,16/04/2013,3,ug/m3,UYMVD_E7,583737,6139486,Portones de Carrasco 2,UYMVD_SO2_T
228,SO2,24,22/04/2013,2,ug/m3,UYMVD_E1,572831,6136774,Ciudad Vieja 1,UYMVD_SO2_T
229,SO2,24,22/04/2013,4,ug/m3,UYMVD_E5,576214,6138373,Tres Cruces 2,UYMVD_SO2_T
230,SO2,24,22/04/2013,6,ug/m3,UYMVD_E6,579230,6142255,Curva de Maronas,UYMVD_SO2_T
231,SO2,24,28/04/2013,18,ug/m3,UYMVD_E1,572831,6136774,Ciudad Vieja 1,UYMVD_SO2_T
232,SO2,24,28/04/2013,8,ug/m3,UYMVD_E5,576214,6138373,Tres Cruces 2,UYMVD_SO2_T
233,SO2,24,04/05/2013,11,ug/m3,UYMVD_E1,572831,6136774,Ciudad Vieja 1,UYMVD_SO2_T
234,SO2,24,04/05/2013,13,ug/m3,UYMVD_E5,576214,6138373,Tres Cruces 2,UYMVD_SO2_T
235,SO2,24,04/05/2013,27,ug/m3,UYMVD_E6,579230,6142255,Curva de Maronas,UYMVD_SO2_T
236,SO2,24,04/05/2013,6,ug/m3,UYMVD_E7,583737,6139486,Portones de Carrasco 2,UYMVD_SO2_T
237,SO2,24,10/05/2013,23,ug/m3,UYMVD_E1,572831,6136774,Ciudad Vieja 1,UYMVD_SO2_T
238,SO2,24,10/05/2013,5,ug/m3,UYMVD_E5,576214,6138373,Tres Cruces 2,UYMVD_SO2_T
239,SO2,24,10/05/2013,11,ug/m3,UYMVD_E6,579230,6142255,Curva de Maronas,UYMVD_SO2_T
240,SO2,24,10/05/2013,6,ug/m3,UYMVD_E7,583737,6139486,Portones de Carrasco 2,UYMVD_SO2_T
241,SO2,24,16/05/2013,11,ug/m3,UYMVD_E1,572831,6136774,Ciudad Vieja 1,UYMVD_SO2_T
242,SO2,24,16/05/2013,13,ug/m3,UYMVD_E5,576214,6138373,Tres Cruces 2,UYMVD_SO2_T
243,SO2,24,16/05/2013,12,ug/m3,UYMVD_E6,579230,6142255,Curva de Maronas,UYMVD_SO2_T
244,SO2,24,16/05/2013,4,ug/m3,UYMVD_E7,583737,6139486,Portones de Carrasco 2,UYMVD_SO2_T
245,SO2,24,22/05/2013,9,ug/m3,UYMVD_E1,572831,6136774,Ciudad Vieja 1,UYMVD_SO2_T
246,SO2,24,22/05/2013,7,ug/m3,UYMVD_E5,576214,6138373,Tres Cruces 2,UYMVD_SO2_T
247,SO2,24,22/05/2013,2,ug/m3,UYMVD_E7,583737,6139486,Portones de Carrasco 2,UYMVD_SO2_T
248,SO2,24,28/05/2013,13,ug/m3,UYMVD_E5,576214,6138373,Tres Cruces 2,UYMVD_SO2_T
249,SO2,24,03/06/2013,5,ug/m3,UYMVD_E1,572831,6136774,Ciudad Vieja 1,UYMVD_SO2_T
250,SO2,24,03/06/2013,7,ug/m3,UYMVD_E5,576214,6138373,Tres Cruces 2,UYMVD_SO2_T
251,SO2,24,03/06/2013,4,ug/m3,UYMVD_E6,579230,6142255,Curva de Maronas,UYMVD_SO2_T
252,SO2,24,03/06/2013,5,ug/m3,UYMVD_E7,583737,6139486,Portones de Carrasco 2,UYMVD_SO2_T
253,SO2,24,09/06/2013,36,ug/m3,UYMVD_E1,572831,6136774,Ciudad Vieja 1,UYMVD_SO2_T
254,SO2,24,09/06/2013,3,ug/m3,UYMVD_E5,576214,6138373,Tres Cruces 2,UYMVD_SO2_T
255,SO2,24,09/06/2013,11,ug/m3,UYMVD_E6,579230,6142255,Curva de Maronas,UYMVD_SO2_T
256,SO2,24,09/06/2013,5,ug/m3,UYMVD_E7,583737,6139486,Portones de Carrasco 2,UYMVD_SO2_T
257,SO2,24,15/06/2013,55,ug/m3,UYMVD_E1,572831,6136774,Ciudad Vieja 1,UYMVD_SO2_T
258,SO2,24,15/06/2013,9,ug/m3,UYMVD_E5,576214,6138373,Tres Cruces 2,UYMVD_SO2_T
259,SO2,24,15/06/2013,21,ug/m3,UYMVD_E6,579230,6142255,Curva de Maronas,UYMVD_SO2_T
260,SO2,24,21/06/2013,36,ug/m3,UYMVD_E1,572831,6136774,Ciudad Vieja 1,UYMVD_SO2_T
261,SO2,24,21/06/2013,26,ug/m3,UYMVD_E5,576214,6138373,Tres Cruces 2,UYMVD_SO2_T
262,SO2,24,21/06/2013,35,ug/m3,UYMVD_E6,579230,6142255,Curva de Maronas,UYMVD_SO2_T
263,SO2,24,21/06/2013,20,ug/m3,UYMVD_E7,583737,6139486,Portones de Carrasco 2,UYMVD_SO2_T
264,SO2,24,27/06/2013,47,ug/m3,UYMVD_E1,572831,6136774,Ciudad Vieja 1,UYMVD_SO2_T
265,SO2,24,27/06/2013,21,ug/m3,UYMVD_E5,576214,6138373,Tres Cruces 2,UYMVD_SO2_T
266,SO2,24,27/06/2013,12,ug/m3,UYMVD_E6,579230,6142255,Curva de Maronas,UYMVD_SO2_T
267,SO2,24,03/07/2013,66,ug/m3,UYMVD_E1,572831,6136774,Ciudad Vieja 1,UYMVD_SO2_T
268,SO2,24,03/07/2013,6,ug/m3,UYMVD_E5,576214,6138373,Tres Cruces 2,UYMVD_SO2_T
269,SO2,24,03/07/2013,7,ug/m3,UYMVD_E6,579230,6142255,Curva de Maronas,UYMVD_SO2_T
270,SO2,24,03/07/2013,8,ug/m3,UYMVD_E7,583737,6139486,Portones de Carrasco 2,UYMVD_SO2_T
271,SO2,24,09/07/2013,20,ug/m3,UYMVD_E1,572831,6136774,Ciudad Vieja 1,UYMVD_SO2_T
272,SO2,24,09/07/2013,11,ug/m3,UYMVD_E5,576214,6138373,Tres Cruces 2,UYMVD_SO2_T
273,SO2,24,09/07/2013,5,ug/m3,UYMVD_E7,583737,6139486,Portones de Carrasco 2,UYMVD_SO2_T
274,SO2,24,15/07/2013,41,ug/m3,UYMVD_E1,572831,6136774,Ciudad Vieja 1,UYMVD_SO2_T
275,SO2,24,15/07/2013,18,ug/m3,UYMVD_E5,576214,6138373,Tres Cruces 2,UYMVD_SO2_T
276,SO2,24,15/07/2013,22,ug/m3,UYMVD_E6,579230,6142255,Curva de Maronas,UYMVD_SO2_T
277,SO2,24,15/07/2013,14,ug/m3,UYMVD_E7,583737,6139486,Portones de Carrasco 2,UYMVD_SO2_T
278,SO2,24,21/07/2013,15,ug/m3,UYMVD_E1,572831,6136774,Ciudad Vieja 1,UYMVD_SO2_T
279,SO2,24,21/07/2013,7,ug/m3,UYMVD_E5,576214,6138373,Tres Cruces 2,UYMVD_SO2_T
280,SO2,24,21/07/2013,17,ug/m3,UYMVD_E6,579230,6142255,Curva de Maronas,UYMVD_SO2_T
281,SO2,24,21/07/2013,13,ug/m3,UYMVD_E7,583737,6139486,Portones de Carrasco 2,UYMVD_SO2_T
282,SO2,24,27/07/2013,26,ug/m3,UYMVD_E1,572831,6136774,Ciudad Vieja 1,UYMVD_SO2_T
283,SO2,24,27/07/2013,20,ug/m3,UYMVD_E6,579230,6142255,Curva de Maronas,UYMVD_SO2_T
284,SO2,24,27/07/2013,8,ug/m3,UYMVD_E7,583737,6139486,Portones de Carrasco 2,UYMVD_SO2_T
285,SO2,24,02/08/2013,3,ug/m3,UYMVD_E1,572831,6136774,Ciudad Vieja 1,UYMVD_SO2_T
286,SO2,24,02/08/2013,22,ug/m3,UYMVD_E5,576214,6138373,Tres Cruces 2,UYMVD_SO2_T
287,SO2,24,02/08/2013,6,ug/m3,UYMVD_E7,583737,6139486,Portones de Carrasco 2,UYMVD_SO2_T
288,SO2,24,08/08/2013,15,ug/m3,UYMVD_E1,572831,6136774,Ciudad Vieja 1,UYMVD_SO2_T
289,SO2,24,08/08/2013,19,ug/m3,UYMVD_E5,576214,6138373,Tres Cruces 2,UYMVD_SO2_T
290,SO2,24,08/08/2013,11,ug/m3,UYMVD_E7,583737,6139486,Portones de Carrasco 2,UYMVD_SO2_T
291,SO2,24,14/08/2013,19,ug/m3,UYMVD_E1,572831,6136774,Ciudad Vieja 1,UYMVD_SO2_T
292,SO2,24,14/08/2013,11,ug/m3,UYMVD_E5,576214,6138373,Tres Cruces 2,UYMVD_SO2_T
293,SO2,24,14/08/2013,8,ug/m3,UYMVD_E7,583737,6139486,Portones de Carrasco 2,UYMVD_SO2_T
294,SO2,24,20/08/2013,32,ug/m3,UYMVD_E1,572831,6136774,Ciudad Vieja 1,UYMVD_SO2_T
295,SO2,24,20/08/2013,14,ug/m3,UYMVD_E5,576214,6138373,Tres Cruces 2,UYMVD_SO2_T
296,SO2,24,20/08/2013,7,ug/m3,UYMVD_E7,583737,6139486,Portones de Carrasco 2,UYMVD_SO2_T
297,SO2,24,26/08/2013,2,ug/m3,UYMVD_E1,572831,6136774,Ciudad Vieja 1,UYMVD_SO2_T
298,SO2,24,26/08/2013,17,ug/m3,UYMVD_E5,576214,6138373,Tres Cruces 2,UYMVD_SO2_T
299,SO2,24,01/09/2013,18,ug/m3,UYMVD_E1,572831,6136774,Ciudad Vieja 1,UYMVD_SO2_T
300,SO2,24,01/09/2013,21,ug/m3,UYMVD_E5,576214,6138373,Tres Cruces 2,UYMVD_SO2_T
301,SO2,24,01/09/2013,10,ug/m3,UYMVD_E6,579230,6142255,Curva de Maronas,UYMVD_SO2_T
302,SO2,24,01/09/2013,5,ug/m3,UYMVD_E7,583737,6139486,Portones de Carrasco 2,UYMVD_SO2_T
303,SO2,24,07/09/2013,24,ug/m3,UYMVD_E1,572831,6136774,Ciudad Vieja 1,UYMVD_SO2_T
304,SO2,24,07/09/2013,2,ug/m3,UYMVD_E6,579230,6142255,Curva de Maronas,UYMVD_SO2_T
305,SO2,24,13/09/2013,2,ug/m3,UYMVD_E1,572831,6136774,Ciudad Vieja 1,UYMVD_SO2_T
306,SO2,24,13/09/2013,4,ug/m3,UYMVD_E6,579230,6142255,Curva de Maronas,UYMVD_SO2_T
307,SO2,24,13/09/2013,4,ug/m3,UYMVD_E7,583737,6139486,Portones de Carrasco 2,UYMVD_SO2_T
308,SO2,24,19/09/2013,34,ug/m3,UYMVD_E1,572831,6136774,Ciudad Vieja 1,UYMVD_SO2_T
309,SO2,24,19/09/2013,16,ug/m3,UYMVD_E5,576214,6138373,Tres Cruces 2,UYMVD_SO2_T
310,SO2,24,19/09/2013,6,ug/m3,UYMVD_E6,579230,6142255,Curva de Maronas,UYMVD_SO2_T
311,SO2,24,19/09/2013,2,ug/m3,UYMVD_E7,583737,6139486,Portones de Carrasco 2,UYMVD_SO2_T
312,SO2,24,25/09/2013,8,ug/m3,UYMVD_E1,572831,6136774,Ciudad Vieja 1,UYMVD_SO2_T
313,SO2,24,25/09/2013,14,ug/m3,UYMVD_E5,576214,6138373,Tres Cruces 2,UYMVD_SO2_T
314,SO2,24,25/09/2013,5,ug/m3,UYMVD_E6,579230,6142255,Curva de Maronas,UYMVD_SO2_T
315,SO2,24,25/09/2013,2,ug/m3,UYMVD_E7,583737,6139486,Portones de Carrasco 2,UYMVD_SO2_T
316,SO2,24,01/10/2013,4,ug/m3,UYMVD_E1,572831,6136774,Ciudad Vieja 1,UYMVD_SO2_T
317,SO2,24,01/10/2013,10,ug/m3,UYMVD_E5,576214,6138373,Tres Cruces 2,UYMVD_SO2_T
318,SO2,24,01/10/2013,8,ug/m3,UYMVD_E6,579230,6142255,Curva de Maronas,UYMVD_SO2_T
319,SO2,24,01/10/2013,7,ug/m3,UYMVD_E7,583737,6139486,Portones de Carrasco 2,UYMVD_SO2_T
320,SO2,24,07/10/2013,12,ug/m3,UYMVD_E1,572831,6136774,Ciudad Vieja 1,UYMVD_SO2_T
321,SO2,24,07/10/2013,11,ug/m3,UYMVD_E5,576214,6138373,Tres Cruces 2,UYMVD_SO2_T
322,SO2,24,07/10/2013,8,ug/m3,UYMVD_E6,579230,6142255,Curva de Maronas,UYMVD_SO2_T
323,SO2,24,07/10/2013,6,ug/m3,UYMVD_E7,583737,6139486,Portones de Carrasco 2,UYMVD_SO2_T
324,SO2,24,13/10/2013,9,ug/m3,UYMVD_E1,572831,6136774,Ciudad Vieja 1,UYMVD_SO2_T
325,SO2,24,13/10/2013,11,ug/m3,UYMVD_E5,576214,6138373,Tres Cruces 2,UYMVD_SO2_T
326,SO2,24,13/10/2013,2,ug/m3,UYMVD_E6,579230,6142255,Curva de Maronas,UYMVD_SO2_T
327,SO2,24,13/10/2013,3,ug/m3,UYMVD_E7,583737,6139486,Portones de Carrasco 2,UYMVD_SO2_T
328,SO2,24,19/10/2013,10,ug/m3,UYMVD_E1,572831,6136774,Ciudad Vieja 1,UYMVD_SO2_T
329,SO2,24,19/10/2013,8,ug/m3,UYMVD_E5,576214,6138373,Tres Cruces 2,UYMVD_SO2_T
330,SO2,24,19/10/2013,4,ug/m3,UYMVD_E6,579230,6142255,Curva de Maronas,UYMVD_SO2_T
331,SO2,24,19/10/2013,2,ug/m3,UYMVD_E7,583737,6139486,Portones de Carrasco 2,UYMVD_SO2_T
332,SO2,24,25/10/2013,7,ug/m3,UYMVD_E1,572831,6136774,Ciudad Vieja 1,UYMVD_SO2_T
333,SO2,24,25/10/2013,12,ug/m3,UYMVD_E5,576214,6138373,Tres Cruces 2,UYMVD_SO2_T
334,SO2,24,25/10/2013,5,ug/m3,UYMVD_E6,579230,6142255,Curva de Maronas,UYMVD_SO2_T
335,SO2,24,25/10/2013,2,ug/m3,UYMVD_E7,583737,6139486,Portones de Carrasco 2,UYMVD_SO2_T
336,SO2,24,31/10/2013,1,ug/m3,UYMVD_E1,572831,6136774,Ciudad Vieja 1,UYMVD_SO2_T
337,SO2,24,31/10/2013,8,ug/m3,UYMVD_E5,576214,6138373,Tres Cruces 2,UYMVD_SO2_T
338,SO2,24,31/10/2013,8,ug/m3,UYMVD_E6,579230,6142255,Curva de Maronas,UYMVD_SO2_T
339,SO2,24,31/10/2013,12,ug/m3,UYMVD_E7,583737,6139486,Portones de Carrasco 2,UYMVD_SO2_T
340,SO2,24,06/11/2013,4,ug/m3,UYMVD_E1,572831,6136774,Ciudad Vieja 1,UYMVD_SO2_T
341,SO2,24,06/11/2013,2,ug/m3,UYMVD_E5,576214,6138373,Tres Cruces 2,UYMVD_SO2_T
342,SO2,24,06/11/2013,4,ug/m3,UYMVD_E6,579230,6142255,Curva de Maronas,UYMVD_SO2_T
343,SO2,24,12/11/2013,6,ug/m3,UYMVD_E1,572831,6136774,Ciudad Vieja 1,UYMVD_SO2_T
344,SO2,24,18/11/2013,7,ug/m3,UYMVD_E1,572831,6136774,Ciudad Vieja 1,UYMVD_SO2_T
345,SO2,24,18/11/2013,7,ug/m3,UYMVD_E5,576214,6138373,Tres Cruces 2,UYMVD_SO2_T
346,SO2,24,18/11/2013,7,ug/m3,UYMVD_E6,579230,6142255,Curva de Maronas,UYMVD_SO2_T
347,SO2,24,24/11/2013,3,ug/m3,UYMVD_E1,572831,6136774,Ciudad Vieja 1,UYMVD_SO2_T
348,SO2,24,24/11/2013,2,ug/m3,UYMVD_E5,576214,6138373,Tres Cruces 2,UYMVD_SO2_T
349,SO2,24,24/11/2013,3,ug/m3,UYMVD_E6,579230,6142255,Curva de Maronas,UYMVD_SO2_T
350,SO2,24,24/11/2013,2,ug/m3,UYMVD_E7,583737,6139486,Portones de Carrasco 2,UYMVD_SO2_T
351,SO2,24,30/11/2013,2,ug/m3,UYMVD_E1,572831,6136774,Ciudad Vieja 1,UYMVD_SO2_T
352,SO2,24,30/11/2013,2,ug/m3,UYMVD_E5,576214,6138373,Tres Cruces 2,UYMVD_SO2_T
353,SO2,24,30/11/2013,8,ug/m3,UYMVD_E6,579230,6142255,Curva de Maronas,UYMVD_SO2_T
354,SO2,24,06/12/2013,5,ug/m3,UYMVD_E1,572831,6136774,Ciudad Vieja 1,UYMVD_SO2_T
355,SO2,24,06/12/2013,3,ug/m3,UYMVD_E5,576214,6138373,Tres Cruces 2,UYMVD_SO2_T
356,SO2,24,06/12/2013,3,ug/m3,UYMVD_E6,579230,6142255,Curva de Maronas,UYMVD_SO2_T
357,SO2,24,06/12/2013,6,ug/m3,UYMVD_E7,583737,6139486,Portones de Carrasco 2,UYMVD_SO2_T
358,SO2,24,12/12/2013,3,ug/m3,UYMVD_E1,572831,6136774,Ciudad Vieja 1,UYMVD_SO2_T
359,SO2,24,12/12/2013,7,ug/m3,UYMVD_E5,576214,6138373,Tres Cruces 2,UYMVD_SO2_T
360,SO2,24,12/12/2013,6,ug/m3,UYMVD_E6,579230,6142255,Curva de Maronas,UYMVD_SO2_T
361,SO2,24,12/12/2013,3,ug/m3,UYMVD_E7,583737,6139486,Portones de Carrasco 2,UYMVD_SO2_T
362,SO2,24,18/12/2013,9,ug/m3,UYMVD_E1,572831,6136774,Ciudad Vieja 1,UYMVD_SO2_T
363,SO2,24,18/12/2013,5,ug/m3,UYMVD_E6,579230,6142255,Curva de Maronas,UYMVD_SO2_T
364,SO2,24,18/12/2013,4,ug/m3,UYMVD_E7,583737,6139486,Portones de Carrasco 2,UYMVD_SO2_T
365,SO2,24,24/12/2013,36,ug/m3,UYMVD_E1,572831,6136774,Ciudad Vieja 1,UYMVD_SO2_T
366,SO2,24,24/12/2013,10,ug/m3,UYMVD_E5,576214,6138373,Tres Cruces 2,UYMVD_SO2_T
367,SO2,24,24/12/2013,8,ug/m3,UYMVD_E6,579230,6142255,Curva de Maronas,UYMVD_SO2_T
368,SO2,24,24/12/2013,4,ug/m3,UYMVD_E7,583737,6139486,Portones de Carrasco 2,UYMVD_SO2_T
369,SO2,24,30/12/2013,16,ug/m3,UYMVD_E5,576214,6138373,Tres Cruces 2,UYMVD_SO2_T
370,SO2,24,30/12/2013,11,ug/m3,UYMVD_E6,579230,6142255,Curva de Maronas,UYMVD_SO2_T
371,SO2,24,30/12/2013,11,ug/m3,UYMVD_E7,583737,6139486,Portones de Carrasco 2,UYMVD_SO2_T
372,SO2,24,05/01/2014,3,ug/m3,UYMVD_E1,572831,6136774,Ciudad Vieja 1,UYMVD_SO2_T
373,SO2,24,05/01/2014,11,ug/m3,UYMVD_E5,576214,6138373,Tres Cruces 2,UYMVD_SO2_T
374,SO2,24,05/01/2014,9,ug/m3,UYMVD_E6,579230,6142255,Curva de Maronas,UYMVD_SO2_T
375,SO2,24,05/01/2014,2,ug/m3,UYMVD_E7,583737,6139486,Portones de Carrasco 2,UYMVD_SO2_T
376,SO2,24,11/01/2014,2,ug/m3,UYMVD_E1,572831,6136774,Ciudad Vieja 1,UYMVD_SO2_T
377,SO2,24,11/01/2014,4,ug/m3,UYMVD_E5,576214,6138373,Tres Cruces 2,UYMVD_SO2_T
378,SO2,24,11/01/2014,7,ug/m3,UYMVD_E6,579230,6142255,Curva de Maronas,UYMVD_SO2_T
379,SO2,24,11/01/2014,2,ug/m3,UYMVD_E7,583737,6139486,Portones de Carrasco 2,UYMVD_SO2_T
380,SO2,24,17/01/2014,20,ug/m3,UYMVD_E1,572831,6136774,Ciudad Vieja 1,UYMVD_SO2_T
381,SO2,24,17/01/2014,7,ug/m3,UYMVD_E5,576214,6138373,Tres Cruces 2,UYMVD_SO2_T
382,SO2,24,17/01/2014,5,ug/m3,UYMVD_E6,579230,6142255,Curva de Maronas,UYMVD_SO2_T
383,SO2,24,17/01/2014,6,ug/m3,UYMVD_E7,583737,6139486,Portones de Carrasco 2,UYMVD_SO2_T
384,SO2,24,23/01/2014,11,ug/m3,UYMVD_E1,572831,6136774,Ciudad Vieja 1,UYMVD_SO2_T
385,SO2,24,23/01/2014,6,ug/m3,UYMVD_E5,576214,6138373,Tres Cruces 2,UYMVD_SO2_T
386,SO2,24,23/01/2014,3,ug/m3,UYMVD_E6,579230,6142255,Curva de Maronas,UYMVD_SO2_T
387,SO2,24,23/01/2014,2,ug/m3,UYMVD_E7,583737,6139486,Portones de Carrasco 2,UYMVD_SO2_T
388,SO2,24,29/01/2014,4,ug/m3,UYMVD_E1,572831,6136774,Ciudad Vieja 1,UYMVD_SO2_T
389,SO2,24,29/01/2014,7,ug/m3,UYMVD_E5,576214,6138373,Tres Cruces 2,UYMVD_SO2_T
390,SO2,24,29/01/2014,7,ug/m3,UYMVD_E6,579230,6142255,Curva de Maronas,UYMVD_SO2_T
391,SO2,24,29/01/2014,4,ug/m3,UYMVD_E7,583737,6139486,Portones de Carrasco 2,UYMVD_SO2_T
392,SO2,24,04/02/2014,10,ug/m3,UYMVD_E1,572831,6136774,Ciudad Vieja 1,UYMVD_SO2_T
393,SO2,24,04/02/2014,10,ug/m3,UYMVD_E6,579230,6142255,Curva de Maronas,UYMVD_SO2_T
394,SO2,24,10/02/2014,4,ug/m3,UYMVD_E6,579230,6142255,Curva de Maronas,UYMVD_SO2_T
395,SO2,24,10/02/2014,8,ug/m3,UYMVD_E7,583737,6139486,Portones de Carrasco 2,UYMVD_SO2_T
396,SO2,24,16/02/2014,14,ug/m3,UYMVD_E1,572831,6136774,Ciudad Vieja 1,UYMVD_SO2_T
397,SO2,24,16/02/2014,3,ug/m3,UYMVD_E5,576214,6138373,Tres Cruces 2,UYMVD_SO2_T
398,SO2,24,16/02/2014,3,ug/m3,UYMVD_E6,579230,6142255,Curva de Maronas,UYMVD_SO2_T
399,SO2,24,16/02/2014,1,ug/m3,UYMVD_E7,583737,6139486,Portones de Carrasco 2,UYMVD_SO2_T
400,SO2,24,22/02/2014,1,ug/m3,UYMVD_E1,572831,6136774,Ciudad Vieja 1,UYMVD_SO2_T
401,SO2,24,22/02/2014,10,ug/m3,UYMVD_E5,576214,6138373,Tres Cruces 2,UYMVD_SO2_T
402,SO2,24,22/02/2014,9,ug/m3,UYMVD_E6,579230,6142255,Curva de Maronas,UYMVD_SO2_T
403,SO2,24,22/02/2014,4,ug/m3,UYMVD_E7,583737,6139486,Portones de Carrasco 2,UYMVD_SO2_T
404,SO2,24,28/02/2014,4,ug/m3,UYMVD_E1,572831,6136774,Ciudad Vieja 1,UYMVD_SO2_T
405,SO2,24,28/02/2014,9,ug/m3,UYMVD_E5,576214,6138373,Tres Cruces 2,UYMVD_SO2_T
406,SO2,24,28/02/2014,7,ug/m3,UYMVD_E6,579230,6142255,Curva de Maronas,UYMVD_SO2_T
407,SO2,24,28/02/2014,7,ug/m3,UYMVD_E7,583737,6139486,Portones de Carrasco 2,UYMVD_SO2_T
408,SO2,24,06/03/2014,6,ug/m3,UYMVD_E1,572831,6136774,Ciudad Vieja 1,UYMVD_SO2_T
409,SO2,24,06/03/2014,6,ug/m3,UYMVD_E5,576214,6138373,Tres Cruces 2,UYMVD_SO2_T
410,SO2,24,06/03/2014,6,ug/m3,UYMVD_E6,579230,6142255,Curva de Maronas,UYMVD_SO2_T
411,SO2,24,12/03/2014,13,ug/m3,UYMVD_E1,572831,6136774,Ciudad Vieja 1,UYMVD_SO2_T
412,SO2,24,12/03/2014,8,ug/m3,UYMVD_E5,576214,6138373,Tres Cruces 2,UYMVD_SO2_T
413,SO2,24,12/03/2014,4,ug/m3,UYMVD_E6,579230,6142255,Curva de Maronas,UYMVD_SO2_T
414,SO2,24,12/03/2014,16,ug/m3,UYMVD_E7,583737,6139486,Portones de Carrasco 2,UYMVD_SO2_T
415,SO2,24,18/03/2014,9,ug/m3,UYMVD_E6,579230,6142255,Curva de Maronas,UYMVD_SO2_T
416,SO2,24,18/03/2014,5,ug/m3,UYMVD_E7,583737,6139486,Portones de Carrasco 2,UYMVD_SO2_T
417,SO2,24,24/03/2014,34,ug/m3,UYMVD_E1,572831,6136774,Ciudad Vieja 1,UYMVD_SO2_T
418,SO2,24,24/03/2014,12,ug/m3,UYMVD_E5,576214,6138373,Tres Cruces 2,UYMVD_SO2_T
419,SO2,24,24/03/2014,7,ug/m3,UYMVD_E6,579230,6142255,Curva de Maronas,UYMVD_SO2_T
420,SO2,24,24/03/2014,8,ug/m3,UYMVD_E7,583737,6139486,Portones de Carrasco 2,UYMVD_SO2_T
421,SO2,24,05/04/2014,6,ug/m3,UYMVD_E1,572831,6136774,Ciudad Vieja 1,UYMVD_SO2_T
422,SO2,24,05/04/2014,17,ug/m3,UYMVD_E5,576214,6138373,Tres Cruces 2,UYMVD_SO2_T
423,SO2,24,05/04/2014,26,ug/m3,UYMVD_E6,579230,6142255,Curva de Maronas,UYMVD_SO2_T
424,SO2,24,05/04/2014,6,ug/m3,UYMVD_E7,583737,6139486,Portones de Carrasco 2,UYMVD_SO2_T
425,SO2,24,17/04/2014,10,ug/m3,UYMVD_E1,572831,6136774,Ciudad Vieja 1,UYMVD_SO2_T
426,SO2,24,17/04/2014,10,ug/m3,UYMVD_E5,576214,6138373,Tres Cruces 2,UYMVD_SO2_T
427,SO2,24,17/04/2014,12,ug/m3,UYMVD_E6,579230,6142255,Curva de Maronas,UYMVD_SO2_T
428,SO2,24,23/04/2014,10,ug/m3,UYMVD_E1,572831,6136774,Ciudad Vieja 1,UYMVD_SO2_T
429,SO2,24,23/04/2014,10,ug/m3,UYMVD_E5,576214,6138373,Tres Cruces 2,UYMVD_SO2_T
430,SO2,24,23/04/2014,7,ug/m3,UYMVD_E6,579230,6142255,Curva de Maronas,UYMVD_SO2_T
431,SO2,24,23/04/2014,6,ug/m3,UYMVD_E7,583737,6139486,Portones de Carrasco 2,UYMVD_SO2_T
432,SO2,24,29/04/2014,15,ug/m3,UYMVD_E5,576214,6138373,Tres Cruces 2,UYMVD_SO2_T
433,SO2,24,29/04/2014,13,ug/m3,UYMVD_E6,579230,6142255,Curva de Maronas,UYMVD_SO2_T
434,SO2,24,29/04/2014,6,ug/m3,UYMVD_E7,583737,6139486,Portones de Carrasco 2,UYMVD_SO2_T
435,SO2,24,30/04/2014,4,ug/m3,UYMVD_E1,572831,6136774,Ciudad Vieja 1,UYMVD_SO2_T
436,SO2,24,05/05/2014,9,ug/m3,UYMVD_E1,572831,6136774,Ciudad Vieja 1,UYMVD_SO2_T
437,SO2,24,05/05/2014,14,ug/m3,UYMVD_E5,576214,6138373,Tres Cruces 2,UYMVD_SO2_T
438,SO2,24,05/05/2014,8,ug/m3,UYMVD_E6,579230,6142255,Curva de Maronas,UYMVD_SO2_T
439,SO2,24,05/05/2014,9,ug/m3,UYMVD_E7,583737,6139486,Portones de Carrasco 2,UYMVD_SO2_T
440,SO2,24,11/05/2014,4,ug/m3,UYMVD_E1,572831,6136774,Ciudad Vieja 1,UYMVD_SO2_T
441,SO2,24,11/05/2014,9,ug/m3,UYMVD_E5,576214,6138373,Tres Cruces 2,UYMVD_SO2_T
442,SO2,24,11/05/2014,5,ug/m3,UYMVD_E6,579230,6142255,Curva de Maronas,UYMVD_SO2_T
443,SO2,24,11/05/2014,4,ug/m3,UYMVD_E7,583737,6139486,Portones de Carrasco 2,UYMVD_SO2_T
444,SO2,24,17/05/2014,4,ug/m3,UYMVD_E1,572831,6136774,Ciudad Vieja 1,UYMVD_SO2_T
445,SO2,24,17/05/2014,11,ug/m3,UYMVD_E5,576214,6138373,Tres Cruces 2,UYMVD_SO2_T
446,SO2,24,17/05/2014,5,ug/m3,UYMVD_E6,579230,6142255,Curva de Maronas,UYMVD_SO2_T
447,SO2,24,17/05/2014,4,ug/m3,UYMVD_E7,583737,6139486,Portones de Carrasco 2,UYMVD_SO2_T
448,SO2,24,23/05/2014,5,ug/m3,UYMVD_E1,572831,6136774,Ciudad Vieja 1,UYMVD_SO2_T
449,SO2,24,23/05/2014,8,ug/m3,UYMVD_E5,576214,6138373,Tres Cruces 2,UYMVD_SO2_T
450,SO2,24,23/05/2014,7,ug/m3,UYMVD_E6,579230,6142255,Curva de Maronas,UYMVD_SO2_T
451,SO2,24,23/05/2014,11,ug/m3,UYMVD_E7,583737,6139486,Portones de Carrasco 2,UYMVD_SO2_T
452,SO2,24,29/05/2014,13,ug/m3,UYMVD_E1,572831,6136774,Ciudad Vieja 1,UYMVD_SO2_T
453,SO2,24,29/05/2014,12,ug/m3,UYMVD_E5,576214,6138373,Tres Cruces 2,UYMVD_SO2_T
454,SO2,24,29/05/2014,8,ug/m3,UYMVD_E6,579230,6142255,Curva de Maronas,UYMVD_SO2_T
455,SO2,24,29/05/2014,4,ug/m3,UYMVD_E7,583737,6139486,Portones de Carrasco 2,UYMVD_SO2_T
456,SO2,24,04/06/2014,17,ug/m3,UYMVD_E1,572831,6136774,Ciudad Vieja 1,UYMVD_SO2_T
457,SO2,24,04/06/2014,7,ug/m3,UYMVD_E5,576214,6138373,Tres Cruces 2,UYMVD_SO2_T
458,SO2,24,04/06/2014,27,ug/m3,UYMVD_E6,579230,6142255,Curva de Maronas,UYMVD_SO2_T
459,SO2,24,04/06/2014,6,ug/m3,UYMVD_E7,583737,6139486,Portones de Carrasco 2,UYMVD_SO2_T
460,SO2,24,10/06/2014,29,ug/m3,UYMVD_E1,572831,6136774,Ciudad Vieja 1,UYMVD_SO2_T
461,SO2,24,10/06/2014,12,ug/m3,UYMVD_E5,576214,6138373,Tres Cruces 2,UYMVD_SO2_T
462,SO2,24,10/06/2014,15,ug/m3,UYMVD_E6,579230,6142255,Curva de Maronas,UYMVD_SO2_T
463,SO2,24,10/06/2014,13,ug/m3,UYMVD_E7,583737,6139486,Portones de Carrasco 2,UYMVD_SO2_T
464,SO2,24,16/06/2014,7,ug/m3,UYMVD_E1,572831,6136774,Ciudad Vieja 1,UYMVD_SO2_T
465,SO2,24,16/06/2014,7,ug/m3,UYMVD_E5,576214,6138373,Tres Cruces 2,UYMVD_SO2_T
466,SO2,24,16/06/2014,7,ug/m3,UYMVD_E6,579230,6142255,Curva de Maronas,UYMVD_SO2_T
467,SO2,24,16/06/2014,7,ug/m3,UYMVD_E7,583737,6139486,Portones de Carrasco 2,UYMVD_SO2_T
468,SO2,24,22/06/2014,3,ug/m3,UYMVD_E1,572831,6136774,Ciudad Vieja 1,UYMVD_SO2_T
469,SO2,24,22/06/2014,7,ug/m3,UYMVD_E5,576214,6138373,Tres Cruces 2,UYMVD_SO2_T
470,SO2,24,22/06/2014,5,ug/m3,UYMVD_E6,579230,6142255,Curva de Maronas,UYMVD_SO2_T
471,SO2,24,22/06/2014,3,ug/m3,UYMVD_E7,583737,6139486,Portones de Carrasco 2,UYMVD_SO2_T
472,SO2,24,28/06/2014,9,ug/m3,UYMVD_E1,572831,6136774,Ciudad Vieja 1,UYMVD_SO2_T
473,SO2,24,28/06/2014,8,ug/m3,UYMVD_E5,576214,6138373,Tres Cruces 2,UYMVD_SO2_T
474,SO2,24,28/06/2014,7,ug/m3,UYMVD_E6,579230,6142255,Curva de Maronas,UYMVD_SO2_T
475,SO2,24,28/06/2014,6,ug/m3,UYMVD_E7,583737,6139486,Portones de Carrasco 2,UYMVD_SO2_T
476,SO2,24,04/07/2014,4,ug/m3,UYMVD_E1,572831,6136774,Ciudad Vieja 1,UYMVD_SO2_T
477,SO2,24,04/07/2014,7,ug/m3,UYMVD_E5,576214,6138373,Tres Cruces 2,UYMVD_SO2_T
478,SO2,24,04/07/2014,1,ug/m3,UYMVD_E6,579230,6142255,Curva de Maronas,UYMVD_SO2_T
479,SO2,24,04/07/2014,6,ug/m3,UYMVD_E7,583737,6139486,Portones de Carrasco 2,UYMVD_SO2_T
480,SO2,24,10/07/2014,6,ug/m3,UYMVD_E1,572831,6136774,Ciudad Vieja 1,UYMVD_SO2_T
481,SO2,24,10/07/2014,12,ug/m3,UYMVD_E5,576214,6138373,Tres Cruces 2,UYMVD_SO2_T
482,SO2,24,10/07/2014,4,ug/m3,UYMVD_E6,579230,6142255,Curva de Maronas,UYMVD_SO2_T
483,SO2,24,10/07/2014,2,ug/m3,UYMVD_E7,583737,6139486,Portones de Carrasco 2,UYMVD_SO2_T
484,SO2,24,16/07/2014,1,ug/m3,UYMVD_E1,572831,6136774,Ciudad Vieja 1,UYMVD_SO2_T
485,SO2,24,16/07/2014,6,ug/m3,UYMVD_E5,576214,6138373,Tres Cruces 2,UYMVD_SO2_T
486,SO2,24,16/07/2014,4,ug/m3,UYMVD_E6,579230,6142255,Curva de Maronas,UYMVD_SO2_T
487,SO2,24,16/07/2014,1,ug/m3,UYMVD_E7,583737,6139486,Portones de Carrasco 2,UYMVD_SO2_T
488,SO2,24,22/07/2014,5,ug/m3,UYMVD_E1,572831,6136774,Ciudad Vieja 1,UYMVD_SO2_T
489,SO2,24,22/07/2014,4,ug/m3,UYMVD_E5,576214,6138373,Tres Cruces 2,UYMVD_SO2_T
490,SO2,24,22/07/2014,5,ug/m3,UYMVD_E6,579230,6142255,Curva de Maronas,UYMVD_SO2_T
491,SO2,24,22/07/2014,3,ug/m3,UYMVD_E7,583737,6139486,Portones de Carrasco 2,UYMVD_SO2_T
492,SO2,24,28/07/2014,5,ug/m3,UYMVD_E1,572831,6136774,Ciudad Vieja 1,UYMVD_SO2_T
493,SO2,24,28/07/2014,1,ug/m3,UYMVD_E5,576214,6138373,Tres Cruces 2,UYMVD_SO2_T
494,SO2,24,28/07/2014,14,ug/m3,UYMVD_E6,579230,6142255,Curva de Maronas,UYMVD_SO2_T
495,SO2,24,03/08/2014,6,ug/m3,UYMVD_E1,572831,6136774,Ciudad Vieja 1,UYMVD_SO2_T
496,SO2,24,03/08/2014,5,ug/m3,UYMVD_E5,576214,6138373,Tres Cruces 2,UYMVD_SO2_T
497,SO2,24,03/08/2014,2,ug/m3,UYMVD_E6,579230,6142255,Curva de Maronas,UYMVD_SO2_T
498,SO2,24,03/08/2014,2,ug/m3,UYMVD_E7,583737,6139486,Portones de Carrasco 2,UYMVD_SO2_T
499,SO2,24,09/08/2014,4,ug/m3,UYMVD_E1,572831,6136774,Ciudad Vieja 1,UYMVD_SO2_T
500,SO2,24,09/08/2014,1,ug/m3,UYMVD_E5,576214,6138373,Tres Cruces 2,UYMVD_SO2_T
501,SO2,24,09/08/2014,2,ug/m3,UYMVD_E6,579230,6142255,Curva de Maronas,UYMVD_SO2_T
502,SO2,24,09/08/2014,8,ug/m3,UYMVD_E7,583737,6139486,Portones de Carrasco 2,UYMVD_SO2_T
503,SO2,24,15/08/2014,16,ug/m3,UYMVD_E1,572831,6136774,Ciudad Vieja 1,UYMVD_SO2_T
504,SO2,24,15/08/2014,3,ug/m3,UYMVD_E5,576214,6138373,Tres Cruces 2,UYMVD_SO2_T
505,SO2,24,15/08/2014,7,ug/m3,UYMVD_E6,579230,6142255,Curva de Maronas,UYMVD_SO2_T
506,SO2,24,15/08/2014,5,ug/m3,UYMVD_E7,583737,6139486,Portones de Carrasco 2,UYMVD_SO2_T
507,SO2,24,21/08/2014,11,ug/m3,UYMVD_E1,572831,6136774,Ciudad Vieja 1,UYMVD_SO2_T
508,SO2,24,21/08/2014,7,ug/m3,UYMVD_E5,576214,6138373,Tres Cruces 2,UYMVD_SO2_T
509,SO2,24,21/08/2014,4,ug/m3,UYMVD_E6,579230,6142255,Curva de Maronas,UYMVD_SO2_T
510,SO2,24,21/08/2014,3,ug/m3,UYMVD_E7,583737,6139486,Portones de Carrasco 2,UYMVD_SO2_T
511,SO2,24,27/08/2014,3,ug/m3,UYMVD_E1,572831,6136774,Ciudad Vieja 1,UYMVD_SO2_T
512,SO2,24,27/08/2014,4,ug/m3,UYMVD_E5,576214,6138373,Tres Cruces 2,UYMVD_SO2_T
513,SO2,24,27/08/2014,11,ug/m3,UYMVD_E6,579230,6142255,Curva de Maronas,UYMVD_SO2_T
514,SO2,24,27/08/2014,2,ug/m3,UYMVD_E7,583737,6139486,Portones de Carrasco 2,UYMVD_SO2_T
515,SO2,24,02/09/2014,7,ug/m3,UYMVD_E1,572831,6136774,Ciudad Vieja 1,UYMVD_SO2_T
516,SO2,24,02/09/2014,10,ug/m3,UYMVD_E5,576214,6138373,Tres Cruces 2,UYMVD_SO2_T
517,SO2,24,02/09/2014,7,ug/m3,UYMVD_E6,579230,6142255,Curva de Maronas,UYMVD_SO2_T
518,SO2,24,02/09/2014,6,ug/m3,UYMVD_E7,583737,6139486,Portones de Carrasco 2,UYMVD_SO2_T
519,SO2,24,08/09/2014,9,ug/m3,UYMVD_E1,572831,6136774,Ciudad Vieja 1,UYMVD_SO2_T
520,SO2,24,08/09/2014,5,ug/m3,UYMVD_E5,576214,6138373,Tres Cruces 2,UYMVD_SO2_T
521,SO2,24,08/09/2014,6,ug/m3,UYMVD_E6,579230,6142255,Curva de Maronas,UYMVD_SO2_T
522,SO2,24,08/09/2014,4,ug/m3,UYMVD_E7,583737,6139486,Portones de Carrasco 2,UYMVD_SO2_T
523,SO2,24,14/09/2014,3,ug/m3,UYMVD_E1,572831,6136774,Ciudad Vieja 1,UYMVD_SO2_T
524,SO2,24,14/09/2014,5,ug/m3,UYMVD_E5,576214,6138373,Tres Cruces 2,UYMVD_SO2_T
525,SO2,24,14/09/2014,3,ug/m3,UYMVD_E7,583737,6139486,Portones de Carrasco 2,UYMVD_SO2_T
526,SO2,24,20/09/2014,5,ug/m3,UYMVD_E1,572831,6136774,Ciudad Vieja 1,UYMVD_SO2_T
527,SO2,24,20/09/2014,2,ug/m3,UYMVD_E5,576214,6138373,Tres Cruces 2,UYMVD_SO2_T
528,SO2,24,20/09/2014,1,ug/m3,UYMVD_E6,579230,6142255,Curva de Maronas,UYMVD_SO2_T
529,SO2,24,20/09/2014,1,ug/m3,UYMVD_E7,583737,6139486,Portones de Carrasco 2,UYMVD_SO2_T
530,SO2,24,26/09/2014,10,ug/m3,UYMVD_E1,572831,6136774,Ciudad Vieja 1,UYMVD_SO2_T
531,SO2,24,26/09/2014,4,ug/m3,UYMVD_E5,576214,6138373,Tres Cruces 2,UYMVD_SO2_T
532,SO2,24,26/09/2014,17,ug/m3,UYMVD_E6,579230,6142255,Curva de Maronas,UYMVD_SO2_T
533,SO2,24,26/09/2014,3,ug/m3,UYMVD_E7,583737,6139486,Portones de Carrasco 2,UYMVD_SO2_T
534,SO2,24,02/10/2014,4,ug/m3,UYMVD_E1,572831,6136774,Ciudad Vieja 1,UYMVD_SO2_T
535,SO2,24,02/10/2014,4,ug/m3,UYMVD_E5,576214,6138373,Tres Cruces 2,UYMVD_SO2_T
536,SO2,24,02/10/2014,6,ug/m3,UYMVD_E6,579230,6142255,Curva de Maronas,UYMVD_SO2_T
537,SO2,24,02/10/2014,3,ug/m3,UYMVD_E7,583737,6139486,Portones de Carrasco 2,UYMVD_SO2_T
538,SO2,24,08/10/2014,10,ug/m3,UYMVD_E1,572831,6136774,Ciudad Vieja 1,UYMVD_SO2_T
539,SO2,24,08/10/2014,11,ug/m3,UYMVD_E5,576214,6138373,Tres Cruces 2,UYMVD_SO2_T
540,SO2,24,08/10/2014,15,ug/m3,UYMVD_E6,579230,6142255,Curva de Maronas,UYMVD_SO2_T
541,SO2,24,08/10/2014,10,ug/m3,UYMVD_E7,583737,6139486,Portones de Carrasco 2,UYMVD_SO2_T
542,SO2,24,14/10/2014,16,ug/m3,UYMVD_E1,572831,6136774,Ciudad Vieja 1,UYMVD_SO2_T
543,SO2,24,14/10/2014,10,ug/m3,UYMVD_E5,576214,6138373,Tres Cruces 2,UYMVD_SO2_T
544,SO2,24,14/10/2014,8,ug/m3,UYMVD_E6,579230,6142255,Curva de Maronas,UYMVD_SO2_T
545,SO2,24,14/10/2014,7,ug/m3,UYMVD_E7,583737,6139486,Portones de Carrasco 2,UYMVD_SO2_T
546,SO2,24,20/10/2014,4,ug/m3,UYMVD_E1,572831,6136774,Ciudad Vieja 1,UYMVD_SO2_T
547,SO2,24,20/10/2014,5,ug/m3,UYMVD_E5,576214,6138373,Tres Cruces 2,UYMVD_SO2_T
548,SO2,24,20/10/2014,7,ug/m3,UYMVD_E6,579230,6142255,Curva de Maronas,UYMVD_SO2_T
549,SO2,24,20/10/2014,3,ug/m3,UYMVD_E7,583737,6139486,Portones de Carrasco 2,UYMVD_SO2_T
550,SO2,24,26/10/2014,9,ug/m3,UYMVD_E1,572831,6136774,Ciudad Vieja 1,UYMVD_SO2_T
551,SO2,24,26/10/2014,6,ug/m3,UYMVD_E5,576214,6138373,Tres Cruces 2,UYMVD_SO2_T
552,SO2,24,26/10/2014,8,ug/m3,UYMVD_E6,579230,6142255,Curva de Maronas,UYMVD_SO2_T
553,SO2,24,26/10/2014,7,ug/m3,UYMVD_E7,583737,6139486,Portones de Carrasco 2,UYMVD_SO2_T
554,SO2,24,01/11/2014,6,ug/m3,UYMVD_E1,572831,6136774,Ciudad Vieja 1,UYMVD_SO2_T
555,SO2,24,01/11/2014,8,ug/m3,UYMVD_E5,576214,6138373,Tres Cruces 2,UYMVD_SO2_T
556,SO2,24,01/11/2014,7,ug/m3,UYMVD_E6,579230,6142255,Curva de Maronas,UYMVD_SO2_T
557,SO2,24,01/11/2014,6,ug/m3,UYMVD_E7,583737,6139486,Portones de Carrasco 2,UYMVD_SO2_T
558,SO2,24,07/11/2014,6,ug/m3,UYMVD_E1,572831,6136774,Ciudad Vieja 1,UYMVD_SO2_T
559,SO2,24,07/11/2014,6,ug/m3,UYMVD_E5,576214,6138373,Tres Cruces 2,UYMVD_SO2_T
560,SO2,24,07/11/2014,9,ug/m3,UYMVD_E6,579230,6142255,Curva de Maronas,UYMVD_SO2_T
561,SO2,24,07/11/2014,7,ug/m3,UYMVD_E7,583737,6139486,Portones de Carrasco 2,UYMVD_SO2_T
562,SO2,24,13/11/2014,4,ug/m3,UYMVD_E1,572831,6136774,Ciudad Vieja 1,UYMVD_SO2_T
563,SO2,24,13/11/2014,10,ug/m3,UYMVD_E5,576214,6138373,Tres Cruces 2,UYMVD_SO2_T
564,SO2,24,13/11/2014,4,ug/m3,UYMVD_E6,579230,6142255,Curva de Maronas,UYMVD_SO2_T
565,SO2,24,13/11/2014,6,ug/m3,UYMVD_E7,583737,6139486,Portones de Carrasco 2,UYMVD_SO2_T
566,SO2,24,19/11/2014,6,ug/m3,UYMVD_E1,572831,6136774,Ciudad Vieja 1,UYMVD_SO2_T
567,SO2,24,19/11/2014,4,ug/m3,UYMVD_E5,576214,6138373,Tres Cruces 2,UYMVD_SO2_T
568,SO2,24,19/11/2014,10,ug/m3,UYMVD_E6,579230,6142255,Curva de Maronas,UYMVD_SO2_T
569,SO2,24,19/11/2014,5,ug/m3,UYMVD_E7,583737,6139486,Portones de Carrasco 2,UYMVD_SO2_T
570,SO2,24,25/11/2014,9,ug/m3,UYMVD_E1,572831,6136774,Ciudad Vieja 1,UYMVD_SO2_T
571,SO2,24,25/11/2014,8,ug/m3,UYMVD_E5,576214,6138373,Tres Cruces 2,UYMVD_SO2_T
572,SO2,24,25/11/2014,8,ug/m3,UYMVD_E6,579230,6142255,Curva de Maronas,UYMVD_SO2_T
573,SO2,24,25/11/2014,7,ug/m3,UYMVD_E7,583737,6139486,Portones de Carrasco 2,UYMVD_SO2_T
574,SO2,24,01/12/2014,6,ug/m3,UYMVD_E1,572831,6136774,Ciudad Vieja 1,UYMVD_SO2_T
575,SO2,24,01/12/2014,8,ug/m3,UYMVD_E5,576214,6138373,Tres Cruces 2,UYMVD_SO2_T
576,SO2,24,01/12/2014,5,ug/m3,UYMVD_E6,579230,6142255,Curva de Maronas,UYMVD_SO2_T
577,SO2,24,01/12/2014,6,ug/m3,UYMVD_E7,583737,6139486,Portones de Carrasco 2,UYMVD_SO2_T
578,SO2,24,07/12/2014,6,ug/m3,UYMVD_E1,572831,6136774,Ciudad Vieja 1,UYMVD_SO2_T
579,SO2,24,07/12/2014,6,ug/m3,UYMVD_E5,576214,6138373,Tres Cruces 2,UYMVD_SO2_T
580,SO2,24,07/12/2014,7,ug/m3,UYMVD_E6,579230,6142255,Curva de Maronas,UYMVD_SO2_T
581,SO2,24,07/12/2014,6,ug/m3,UYMVD_E7,583737,6139486,Portones de Carrasco 2,UYMVD_SO2_T
582,SO2,24,13/12/2014,7,ug/m3,UYMVD_E1,572831,6136774,Ciudad Vieja 1,UYMVD_SO2_T
583,SO2,24,13/12/2014,10,ug/m3,UYMVD_E5,576214,6138373,Tres Cruces 2,UYMVD_SO2_T
584,SO2,24,13/12/2014,7,ug/m3,UYMVD_E6,579230,6142255,Curva de Maronas,UYMVD_SO2_T
585,SO2,24,13/12/2014,7,ug/m3,UYMVD_E7,583737,6139486,Portones de Carrasco 2,UYMVD_SO2_T
586,SO2,24,19/12/2014,24,ug/m3,UYMVD_E1,572831,6136774,Ciudad Vieja 1,UYMVD_SO2_T
587,SO2,24,19/12/2014,16,ug/m3,UYMVD_E5,576214,6138373,Tres Cruces 2,UYMVD_SO2_T
588,SO2,24,19/12/2014,13,ug/m3,UYMVD_E6,579230,6142255,Curva de Maronas,UYMVD_SO2_T
589,SO2,24,19/12/2014,16,ug/m3,UYMVD_E7,583737,6139486,Portones de Carrasco 2,UYMVD_SO2_T
590,SO2,24,25/12/2014,12,ug/m3,UYMVD_E1,572831,6136774,Ciudad Vieja 1,UYMVD_SO2_T
591,SO2,24,25/12/2014,9,ug/m3,UYMVD_E5,576214,6138373,Tres Cruces 2,UYMVD_SO2_T
592,SO2,24,25/12/2014,8,ug/m3,UYMVD_E6,579230,6142255,Curva de Maronas,UYMVD_SO2_T
593,SO2,24,25/12/2014,10,ug/m3,UYMVD_E7,583737,6139486,Portones de Carrasco 2,UYMVD_SO2_T
594,SO2,24,31/12/2014,14,ug/m3,UYMVD_E1,572831,6136774,Ciudad Vieja 1,UYMVD_SO2_T
595,SO2,24,31/12/2014,5,ug/m3,UYMVD_E5,576214,6138373,Tres Cruces 2,UYMVD_SO2_T
596,SO2,24,31/12/2014,19,ug/m3,UYMVD_E6,579230,6142255,Curva de Maronas,UYMVD_SO2_T
597,SO2,24,31/12/2014,10,ug/m3,UYMVD_E7,583737,6139486,Portones de Carrasco 2,UYMVD_SO2_T
598,SO2,24,06/01/2015,15,ug/m3,UYMVD_E1,572831,6136774,Ciudad Vieja 1,UYMVD_SO2_T
599,SO2,24,06/01/2015,7,ug/m3,UYMVD_E5,576214,6138373,Tres Cruces 2,UYMVD_SO2_T
600,SO2,24,06/01/2015,4,ug/m3,UYMVD_E6,579230,6142255,Curva de Maronas,UYMVD_SO2_T
601,SO2,24,06/01/2015,3,ug/m3,UYMVD_E7,583737,6139486,Portones de Carrasco 2,UYMVD_SO2_T
602,SO2,24,12/01/2015,9,ug/m3,UYMVD_E1,572831,6136774,Ciudad Vieja 1,UYMVD_SO2_T
603,SO2,24,12/01/2015,9,ug/m3,UYMVD_E5,576214,6138373,Tres Cruces 2,UYMVD_SO2_T
604,SO2,24,12/01/2015,7,ug/m3,UYMVD_E6,579230,6142255,Curva de Maronas,UYMVD_SO2_T
605,SO2,24,12/01/2015,7,ug/m3,UYMVD_E7,583737,6139486,Portones de Carrasco 2,UYMVD_SO2_T
606,SO2,24,24/01/2015,4,ug/m3,UYMVD_E1,572831,6136774,Ciudad Vieja 1,UYMVD_SO2_T
607,SO2,24,24/01/2015,3,ug/m3,UYMVD_E5,576214,6138373,Tres Cruces 2,UYMVD_SO2_T
608,SO2,24,24/01/2015,9,ug/m3,UYMVD_E6,579230,6142255,Curva de Maronas,UYMVD_SO2_T
609,SO2,24,24/01/2015,3,ug/m3,UYMVD_E7,583737,6139486,Portones de Carrasco 2,UYMVD_SO2_T
610,SO2,24,30/01/2015,8,ug/m3,UYMVD_E1,572831,6136774,Ciudad Vieja 1,UYMVD_SO2_T
611,SO2,24,30/01/2015,3,ug/m3,UYMVD_E5,576214,6138373,Tres Cruces 2,UYMVD_SO2_T
612,SO2,24,30/01/2015,2,ug/m3,UYMVD_E6,579230,6142255,Curva de Maronas,UYMVD_SO2_T
613,SO2,24,30/01/2015,2,ug/m3,UYMVD_E7,583737,6139486,Portones de Carrasco 2,UYMVD_SO2_T
614,SO2,24,05/02/2015,4,ug/m3,UYMVD_E1,572831,6136774,Ciudad Vieja 1,UYMVD_SO2_T
615,SO2,24,05/02/2015,4,ug/m3,UYMVD_E5,576214,6138373,Tres Cruces 2,UYMVD_SO2_T
616,SO2,24,05/02/2015,7,ug/m3,UYMVD_E6,579230,6142255,Curva de Maronas,UYMVD_SO2_T
617,SO2,24,05/02/2015,3,ug/m3,UYMVD_E7,583737,6139486,Portones de Carrasco 2,UYMVD_SO2_T
618,SO2,24,11/02/2015,15,ug/m3,UYMVD_E1,572831,6136774,Ciudad Vieja 1,UYMVD_SO2_T
619,SO2,24,11/02/2015,9,ug/m3,UYMVD_E5,576214,6138373,Tres Cruces 2,UYMVD_SO2_T
620,SO2,24,11/02/2015,10,ug/m3,UYMVD_E6,579230,6142255,Curva de Maronas,UYMVD_SO2_T
621,SO2,24,11/02/2015,9,ug/m3,UYMVD_E7,583737,6139486,Portones de Carrasco 2,UYMVD_SO2_T
622,SO2,24,17/02/2015,5,ug/m3,UYMVD_E1,572831,6136774,Ciudad Vieja 1,UYMVD_SO2_T
623,SO2,24,17/02/2015,3,ug/m3,UYMVD_E5,576214,6138373,Tres Cruces 2,UYMVD_SO2_T
624,SO2,24,17/02/2015,7,ug/m3,UYMVD_E6,579230,6142255,Curva de Maronas,UYMVD_SO2_T
625,SO2,24,17/02/2015,3,ug/m3,UYMVD_E7,583737,6139486,Portones de Carrasco 2,UYMVD_SO2_T
626,SO2,24,23/02/2015,10,ug/m3,UYMVD_E1,572831,6136774,Ciudad Vieja 1,UYMVD_SO2_T
627,SO2,24,23/02/2015,3,ug/m3,UYMVD_E5,576214,6138373,Tres Cruces 2,UYMVD_SO2_T
628,SO2,24,23/02/2015,3,ug/m3,UYMVD_E6,579230,6142255,Curva de Maronas,UYMVD_SO2_T
629,SO2,24,23/02/2015,2,ug/m3,UYMVD_E7,583737,6139486,Portones de Carrasco 2,UYMVD_SO2_T
630,SO2,24,01/03/2015,6,ug/m3,UYMVD_E1,572831,6136774,Ciudad Vieja 1,UYMVD_SO2_T
631,SO2,24,01/03/2015,7,ug/m3,UYMVD_E5,576214,6138373,Tres Cruces 2,UYMVD_SO2_T
632,SO2,24,01/03/2015,7,ug/m3,UYMVD_E6,579230,6142255,Curva de Maronas,UYMVD_SO2_T
633,SO2,24,01/03/2015,6,ug/m3,UYMVD_E7,583737,6139486,Portones de Carrasco 2,UYMVD_SO2_T
634,SO2,24,07/03/2015,6,ug/m3,UYMVD_E1,572831,6136774,Ciudad Vieja 1,UYMVD_SO2_T
635,SO2,24,07/03/2015,6,ug/m3,UYMVD_E5,576214,6138373,Tres Cruces 2,UYMVD_SO2_T
636,SO2,24,07/03/2015,7,ug/m3,UYMVD_E6,579230,6142255,Curva de Maronas,UYMVD_SO2_T
637,SO2,24,07/03/2015,6,ug/m3,UYMVD_E7,583737,6139486,Portones de Carrasco 2,UYMVD_SO2_T
638,SO2,24,13/03/2015,6,ug/m3,UYMVD_E1,572831,6136774,Ciudad Vieja 1,UYMVD_SO2_T
639,SO2,24,13/03/2015,11,ug/m3,UYMVD_E5,576214,6138373,Tres Cruces 2,UYMVD_SO2_T
640,SO2,24,13/03/2015,10,ug/m3,UYMVD_E6,579230,6142255,Curva de Maronas,UYMVD_SO2_T
641,SO2,24,13/03/2015,5,ug/m3,UYMVD_E7,583737,6139486,Portones de Carrasco 2,UYMVD_SO2_T
642,SO2,24,19/03/2015,6,ug/m3,UYMVD_E1,572831,6136774,Ciudad Vieja 1,UYMVD_SO2_T
643,SO2,24,19/03/2015,5,ug/m3,UYMVD_E5,576214,6138373,Tres Cruces 2,UYMVD_SO2_T
644,SO2,24,19/03/2015,16,ug/m3,UYMVD_E6,579230,6142255,Curva de Maronas,UYMVD_SO2_T
645,SO2,24,19/03/2015,4,ug/m3,UYMVD_E7,583737,6139486,Portones de Carrasco 2,UYMVD_SO2_T
646,SO2,24,25/03/2015,6,ug/m3,UYMVD_E1,572831,6136774,Ciudad Vieja 1,UYMVD_SO2_T
647,SO2,24,25/03/2015,6,ug/m3,UYMVD_E5,576214,6138373,Tres Cruces 2,UYMVD_SO2_T
648,SO2,24,25/03/2015,7,ug/m3,UYMVD_E6,579230,6142255,Curva de Maronas,UYMVD_SO2_T
649,SO2,24,25/03/2015,3,ug/m3,UYMVD_E7,583737,6139486,Portones de Carrasco 2,UYMVD_SO2_T
650,SO2,24,31/03/2015,12,ug/m3,UYMVD_E1,572831,6136774,Ciudad Vieja 1,UYMVD_SO2_T
651,SO2,24,31/03/2015,12,ug/m3,UYMVD_E5,576214,6138373,Tres Cruces 2,UYMVD_SO2_T
652,SO2,24,31/03/2015,9,ug/m3,UYMVD_E6,579230,6142255,Curva de Maronas,UYMVD_SO2_T
653,SO2,24,31/03/2015,5,ug/m3,UYMVD_E7,583737,6139486,Portones de Carrasco 2,UYMVD_SO2_T
654,SO2,24,12/04/2015,7,ug/m3,UYMVD_E1,572831,6136774,Ciudad Vieja 1,UYMVD_SO2_T
655,SO2,24,12/04/2015,6,ug/m3,UYMVD_E5,576214,6138373,Tres Cruces 2,UYMVD_SO2_T
656,SO2,24,12/04/2015,6,ug/m3,UYMVD_E6,579230,6142255,Curva de Maronas,UYMVD_SO2_T
657,SO2,24,12/04/2015,7,ug/m3,UYMVD_E7,583737,6139486,Portones de Carrasco 2,UYMVD_SO2_T
658,SO2,24,18/04/2015,10,ug/m3,UYMVD_E1,572831,6136774,Ciudad Vieja 1,UYMVD_SO2_T
659,SO2,24,18/04/2015,5,ug/m3,UYMVD_E5,576214,6138373,Tres Cruces 2,UYMVD_SO2_T
660,SO2,24,18/04/2015,12,ug/m3,UYMVD_E6,579230,6142255,Curva de Maronas,UYMVD_SO2_T
661,SO2,24,18/04/2015,6,ug/m3,UYMVD_E7,583737,6139486,Portones de Carrasco 2,UYMVD_SO2_T
662,SO2,24,24/04/2015,21,ug/m3,UYMVD_E1,572831,6136774,Ciudad Vieja 1,UYMVD_SO2_T
663,SO2,24,24/04/2015,9,ug/m3,UYMVD_E5,576214,6138373,Tres Cruces 2,UYMVD_SO2_T
664,SO2,24,24/04/2015,5,ug/m3,UYMVD_E6,579230,6142255,Curva de Maronas,UYMVD_SO2_T
665,SO2,24,24/04/2015,3,ug/m3,UYMVD_E7,583737,6139486,Portones de Carrasco 2,UYMVD_SO2_T
666,SO2,24,30/04/2015,2,ug/m3,UYMVD_E1,572831,6136774,Ciudad Vieja 1,UYMVD_SO2_T
667,SO2,24,30/04/2015,11,ug/m3,UYMVD_E5,576214,6138373,Tres Cruces 2,UYMVD_SO2_T
668,SO2,24,30/04/2015,10,ug/m3,UYMVD_E6,579230,6142255,Curva de Maronas,UYMVD_SO2_T
669,SO2,24,30/04/2015,15,ug/m3,UYMVD_E7,583737,6139486,Portones de Carrasco 2,UYMVD_SO2_T
670,SO2,24,06/05/2015,5,ug/m3,UYMVD_E1,572831,6136774,Ciudad Vieja 1,UYMVD_SO2_T
671,SO2,24,06/05/2015,6,ug/m3,UYMVD_E5,576214,6138373,Tres Cruces 2,UYMVD_SO2_T
672,SO2,24,06/05/2015,5,ug/m3,UYMVD_E6,579230,6142255,Curva de Maronas,UYMVD_SO2_T
673,SO2,24,06/05/2015,3,ug/m3,UYMVD_E7,583737,6139486,Portones de Carrasco 2,UYMVD_SO2_T
674,SO2,24,12/05/2015,6,ug/m3,UYMVD_E1,572831,6136774,Ciudad Vieja 1,UYMVD_SO2_T
675,SO2,24,12/05/2015,4,ug/m3,UYMVD_E5,576214,6138373,Tres Cruces 2,UYMVD_SO2_T
676,SO2,24,12/05/2015,9,ug/m3,UYMVD_E6,579230,6142255,Curva de Maronas,UYMVD_SO2_T
677,SO2,24,12/05/2015,2,ug/m3,UYMVD_E7,583737,6139486,Portones de Carrasco 2,UYMVD_SO2_T
678,SO2,24,18/05/2015,3,ug/m3,UYMVD_E5,576214,6138373,Tres Cruces 2,UYMVD_SO2_T
679,SO2,24,18/05/2015,4,ug/m3,UYMVD_E6,579230,6142255,Curva de Maronas,UYMVD_SO2_T
680,SO2,24,18/05/2015,2,ug/m3,UYMVD_E7,583737,6139486,Portones de Carrasco 2,UYMVD_SO2_T
681,SO2,24,24/05/2015,5,ug/m3,UYMVD_E1,572831,6136774,Ciudad Vieja 1,UYMVD_SO2_T
682,SO2,24,24/05/2015,4,ug/m3,UYMVD_E5,576214,6138373,Tres Cruces 2,UYMVD_SO2_T
683,SO2,24,24/05/2015,5,ug/m3,UYMVD_E6,579230,6142255,Curva de Maronas,UYMVD_SO2_T
684,SO2,24,24/05/2015,6,ug/m3,UYMVD_E7,583737,6139486,Portones de Carrasco 2,UYMVD_SO2_T
685,SO2,24,30/05/2015,32,ug/m3,UYMVD_E1,572831,6136774,Ciudad Vieja 1,UYMVD_SO2_T
686,SO2,24,30/05/2015,8,ug/m3,UYMVD_E5,576214,6138373,Tres Cruces 2,UYMVD_SO2_T
687,SO2,24,30/05/2015,6,ug/m3,UYMVD_E6,579230,6142255,Curva de Maronas,UYMVD_SO2_T
688,SO2,24,30/05/2015,6,ug/m3,UYMVD_E7,583737,6139486,Portones de Carrasco 2,UYMVD_SO2_T
689,SO2,24,05/06/2015,18,ug/m3,UYMVD_E1,572831,6136774,Ciudad Vieja 1,UYMVD_SO2_T
690,SO2,24,05/06/2015,5,ug/m3,UYMVD_E5,576214,6138373,Tres Cruces 2,UYMVD_SO2_T
691,SO2,24,05/06/2015,6,ug/m3,UYMVD_E6,579230,6142255,Curva de Maronas,UYMVD_SO2_T
692,SO2,24,11/06/2015,15,ug/m3,UYMVD_E1,572831,6136774,Ciudad Vieja 1,UYMVD_SO2_T
693,SO2,24,11/06/2015,11,ug/m3,UYMVD_E5,576214,6138373,Tres Cruces 2,UYMVD_SO2_T
694,SO2,24,11/06/2015,9,ug/m3,UYMVD_E6,579230,6142255,Curva de Maronas,UYMVD_SO2_T
695,SO2,24,11/06/2015,9,ug/m3,UYMVD_E7,583737,6139486,Portones de Carrasco 2,UYMVD_SO2_T
696,SO2,24,17/06/2015,25,ug/m3,UYMVD_E1,572831,6136774,Ciudad Vieja 1,UYMVD_SO2_T
697,SO2,24,17/06/2015,16,ug/m3,UYMVD_E5,576214,6138373,Tres Cruces 2,UYMVD_SO2_T
698,SO2,24,17/06/2015,7,ug/m3,UYMVD_E6,579230,6142255,Curva de Maronas,UYMVD_SO2_T
699,SO2,24,17/06/2015,7,ug/m3,UYMVD_E7,583737,6139486,Portones de Carrasco 2,UYMVD_SO2_T
700,SO2,24,23/06/2015,12,ug/m3,UYMVD_E1,572831,6136774,Ciudad Vieja 1,UYMVD_SO2_T
701,SO2,24,23/06/2015,8,ug/m3,UYMVD_E5,576214,6138373,Tres Cruces 2,UYMVD_SO2_T
702,SO2,24,23/06/2015,8,ug/m3,UYMVD_E6,579230,6142255,Curva de Maronas,UYMVD_SO2_T
703,SO2,24,23/06/2015,6,ug/m3,UYMVD_E7,583737,6139486,Portones de Carrasco 2,UYMVD_SO2_T
704,SO2,24,29/06/2015,10,ug/m3,UYMVD_E1,572831,6136774,Ciudad Vieja 1,UYMVD_SO2_T
705,SO2,24,29/06/2015,6,ug/m3,UYMVD_E5,576214,6138373,Tres Cruces 2,UYMVD_SO2_T
706,SO2,24,29/06/2015,3,ug/m3,UYMVD_E6,579230,6142255,Curva de Maronas,UYMVD_SO2_T
707,SO2,24,29/06/2015,3,ug/m3,UYMVD_E7,583737,6139486,Portones de Carrasco 2,UYMVD_SO2_T
708,SO2,24,05/07/2015,10,ug/m3,UYMVD_E1,572831,6136774,Ciudad Vieja 1,UYMVD_SO2_T
709,SO2,24,05/07/2015,4,ug/m3,UYMVD_E5,576214,6138373,Tres Cruces 2,UYMVD_SO2_T
710,SO2,24,05/07/2015,5,ug/m3,UYMVD_E6,579230,6142255,Curva de Maronas,UYMVD_SO2_T
711,SO2,24,05/07/2015,6,ug/m3,UYMVD_E7,583737,6139486,Portones de Carrasco 2,UYMVD_SO2_T
712,SO2,24,11/07/2015,5,ug/m3,UYMVD_E1,572831,6136774,Ciudad Vieja 1,UYMVD_SO2_T
713,SO2,24,11/07/2015,6,ug/m3,UYMVD_E5,576214,6138373,Tres Cruces 2,UYMVD_SO2_T
714,SO2,24,11/07/2015,5,ug/m3,UYMVD_E6,579230,6142255,Curva de Maronas,UYMVD_SO2_T
715,SO2,24,11/07/2015,11,ug/m3,UYMVD_E7,583737,6139486,Portones de Carrasco 2,UYMVD_SO2_T
716,SO2,24,17/07/2015,1,ug/m3,UYMVD_E1,572831,6136774,Ciudad Vieja 1,UYMVD_SO2_T
717,SO2,24,17/07/2015,2,ug/m3,UYMVD_E5,576214,6138373,Tres Cruces 2,UYMVD_SO2_T
718,SO2,24,17/07/2015,2,ug/m3,UYMVD_E6,579230,6142255,Curva de Maronas,UYMVD_SO2_T
719,SO2,24,17/07/2015,2,ug/m3,UYMVD_E7,583737,6139486,Portones de Carrasco 2,UYMVD_SO2_T
720,SO2,24,23/07/2015,11,ug/m3,UYMVD_E1,572831,6136774,Ciudad Vieja 1,UYMVD_SO2_T
721,SO2,24,23/07/2015,5,ug/m3,UYMVD_E5,576214,6138373,Tres Cruces 2,UYMVD_SO2_T
722,SO2,24,23/07/2015,2,ug/m3,UYMVD_E6,579230,6142255,Curva de Maronas,UYMVD_SO2_T
723,SO2,24,23/07/2015,9,ug/m3,UYMVD_E7,583737,6139486,Portones de Carrasco 2,UYMVD_SO2_T
724,SO2,24,29/07/2015,1,ug/m3,UYMVD_E1,572831,6136774,Ciudad Vieja 1,UYMVD_SO2_T
725,SO2,24,29/07/2015,2,ug/m3,UYMVD_E5,576214,6138373,Tres Cruces 2,UYMVD_SO2_T
726,SO2,24,29/07/2015,2,ug/m3,UYMVD_E6,579230,6142255,Curva de Maronas,UYMVD_SO2_T
727,SO2,24,29/07/2015,1,ug/m3,UYMVD_E7,583737,6139486,Portones de Carrasco 2,UYMVD_SO2_T
728,SO2,24,04/08/2015,6,ug/m3,UYMVD_E1,572831,6136774,Ciudad Vieja 1,UYMVD_SO2_T
729,SO2,24,04/08/2015,2,ug/m3,UYMVD_E5,576214,6138373,Tres Cruces 2,UYMVD_SO2_T
730,SO2,24,04/08/2015,17,ug/m3,UYMVD_E6,579230,6142255,Curva de Maronas,UYMVD_SO2_T
731,SO2,24,04/08/2015,1,ug/m3,UYMVD_E7,583737,6139486,Portones de Carrasco 2,UYMVD_SO2_T
732,SO2,24,10/08/2015,4,ug/m3,UYMVD_E1,572831,6136774,Ciudad Vieja 1,UYMVD_SO2_T
733,SO2,24,10/08/2015,20,ug/m3,UYMVD_E5,576214,6138373,Tres Cruces 2,UYMVD_SO2_T
734,SO2,24,10/08/2015,15,ug/m3,UYMVD_E6,579230,6142255,Curva de Maronas,UYMVD_SO2_T
735,SO2,24,10/08/2015,18,ug/m3,UYMVD_E7,583737,6139486,Portones de Carrasco 2,UYMVD_SO2_T
736,SO2,24,16/08/2015,4,ug/m3,UYMVD_E1,572831,6136774,Ciudad Vieja 1,UYMVD_SO2_T
737,SO2,24,16/08/2015,3,ug/m3,UYMVD_E6,579230,6142255,Curva de Maronas,UYMVD_SO2_T
738,SO2,24,16/08/2015,1,ug/m3,UYMVD_E7,583737,6139486,Portones de Carrasco 2,UYMVD_SO2_T
739,SO2,24,22/08/2015,1,ug/m3,UYMVD_E1,572831,6136774,Ciudad Vieja 1,UYMVD_SO2_T
740,SO2,24,22/08/2015,2,ug/m3,UYMVD_E5,576214,6138373,Tres Cruces 2,UYMVD_SO2_T
741,SO2,24,22/08/2015,2,ug/m3,UYMVD_E6,579230,6142255,Curva de Maronas,UYMVD_SO2_T
742,SO2,24,22/08/2015,1,ug/m3,UYMVD_E7,583737,6139486,Portones de Carrasco 2,UYMVD_SO2_T
743,SO2,24,28/08/2015,8,ug/m3,UYMVD_E1,572831,6136774,Ciudad Vieja 1,UYMVD_SO2_T
744,SO2,24,28/08/2015,3,ug/m3,UYMVD_E5,576214,6138373,Tres Cruces 2,UYMVD_SO2_T
745,SO2,24,28/08/2015,2,ug/m3,UYMVD_E6,579230,6142255,Curva de Maronas,UYMVD_SO2_T
746,SO2,24,28/08/2015,2,ug/m3,UYMVD_E7,583737,6139486,Portones de Carrasco 2,UYMVD_SO2_T
747,SO2,24,03/09/2015,5,ug/m3,UYMVD_E1,572831,6136774,Ciudad Vieja 1,UYMVD_SO2_T
748,SO2,24,03/09/2015,2,ug/m3,UYMVD_E5,576214,6138373,Tres Cruces 2,UYMVD_SO2_T
749,SO2,24,03/09/2015,2,ug/m3,UYMVD_E6,579230,6142255,Curva de Maronas,UYMVD_SO2_T
750,SO2,24,03/09/2015,2,ug/m3,UYMVD_E7,583737,6139486,Portones de Carrasco 2,UYMVD_SO2_T
751,SO2,24,09/09/2015,2,ug/m3,UYMVD_E1,572831,6136774,Ciudad Vieja 1,UYMVD_SO2_T
752,SO2,24,09/09/2015,2,ug/m3,UYMVD_E5,576214,6138373,Tres Cruces 2,UYMVD_SO2_T
753,SO2,24,09/09/2015,2,ug/m3,UYMVD_E6,579230,6142255,Curva de Maronas,UYMVD_SO2_T
754,SO2,24,09/09/2015,1,ug/m3,UYMVD_E7,583737,6139486,Portones de Carrasco 2,UYMVD_SO2_T
755,SO2,24,15/09/2015,4,ug/m3,UYMVD_E1,572831,6136774,Ciudad Vieja 1,UYMVD_SO2_T
756,SO2,24,15/09/2015,1,ug/m3,UYMVD_E5,576214,6138373,Tres Cruces 2,UYMVD_SO2_T
757,SO2,24,15/09/2015,1,ug/m3,UYMVD_E6,579230,6142255,Curva de Maronas,UYMVD_SO2_T
758,SO2,24,15/09/2015,1,ug/m3,UYMVD_E7,583737,6139486,Portones de Carrasco 2,UYMVD_SO2_T
759,SO2,24,21/09/2015,1,ug/m3,UYMVD_E1,572831,6136774,Ciudad Vieja 1,UYMVD_SO2_T
760,SO2,24,21/09/2015,1,ug/m3,UYMVD_E5,576214,6138373,Tres Cruces 2,UYMVD_SO2_T
761,SO2,24,21/09/2015,1,ug/m3,UYMVD_E6,579230,6142255,Curva de Maronas,UYMVD_SO2_T
762,SO2,24,21/09/2015,1,ug/m3,UYMVD_E7,583737,6139486,Portones de Carrasco 2,UYMVD_SO2_T
763,SO2,24,27/09/2015,5,ug/m3,UYMVD_E1,572831,6136774,Ciudad Vieja 1,UYMVD_SO2_T
764,SO2,24,27/09/2015,5,ug/m3,UYMVD_E5,576214,6138373,Tres Cruces 2,UYMVD_SO2_T
765,SO2,24,27/09/2015,1,ug/m3,UYMVD_E6,579230,6142255,Curva de Maronas,UYMVD_SO2_T
766,SO2,24,27/09/2015,1,ug/m3,UYMVD_E7,583737,6139486,Portones de Carrasco 2,UYMVD_SO2_T
767,SO2,24,03/10/2015,1,ug/m3,UYMVD_E1,572831,6136774,Ciudad Vieja 1,UYMVD_SO2_T
768,SO2,24,03/10/2015,1,ug/m3,UYMVD_E5,576214,6138373,Tres Cruces 2,UYMVD_SO2_T
769,SO2,24,03/10/2015,1,ug/m3,UYMVD_E6,579230,6142255,Curva de Maronas,UYMVD_SO2_T
770,SO2,24,03/10/2015,1,ug/m3,UYMVD_E7,583737,6139486,Portones de Carrasco 2,UYMVD_SO2_T
771,SO2,24,09/10/2015,1,ug/m3,UYMVD_E1,572831,6136774,Ciudad Vieja 1,UYMVD_SO2_T
772,SO2,24,09/10/2015,1,ug/m3,UYMVD_E5,576214,6138373,Tres Cruces 2,UYMVD_SO2_T
773,SO2,24,09/10/2015,1,ug/m3,UYMVD_E6,579230,6142255,Curva de Maronas,UYMVD_SO2_T
774,SO2,24,09/10/2015,1,ug/m3,UYMVD_E7,583737,6139486,Portones de Carrasco 2,UYMVD_SO2_T
775,SO2,24,15/10/2015,8,ug/m3,UYMVD_E1,572831,6136774,Ciudad Vieja 1,UYMVD_SO2_T
776,SO2,24,15/10/2015,1,ug/m3,UYMVD_E5,576214,6138373,Tres Cruces 2,UYMVD_SO2_T
777,SO2,24,15/10/2015,1,ug/m3,UYMVD_E6,579230,6142255,Curva de Maronas,UYMVD_SO2_T
778,SO2,24,15/10/2015,1,ug/m3,UYMVD_E7,583737,6139486,Portones de Carrasco 2,UYMVD_SO2_T
779,SO2,24,21/10/2015,4,ug/m3,UYMVD_E1,572831,6136774,Ciudad Vieja 1,UYMVD_SO2_T
780,SO2,24,21/10/2015,3,ug/m3,UYMVD_E5,576214,6138373,Tres Cruces 2,UYMVD_SO2_T
781,SO2,24,21/10/2015,1,ug/m3,UYMVD_E6,579230,6142255,Curva de Maronas,UYMVD_SO2_T
782,SO2,24,21/10/2015,1,ug/m3,UYMVD_E7,583737,6139486,Portones de Carrasco 2,UYMVD_SO2_T
783,SO2,24,27/10/2015,1,ug/m3,UYMVD_E1,572831,6136774,Ciudad Vieja 1,UYMVD_SO2_T
784,SO2,24,27/10/2015,1,ug/m3,UYMVD_E5,576214,6138373,Tres Cruces 2,UYMVD_SO2_T
785,SO2,24,27/10/2015,1,ug/m3,UYMVD_E6,579230,6142255,Curva de Maronas,UYMVD_SO2_T
786,SO2,24,27/10/2015,1,ug/m3,UYMVD_E7,583737,6139486,Portones de Carrasco 2,UYMVD_SO2_T
787,SO2,24,02/11/2015,1,ug/m3,UYMVD_E1,572831,6136774,Ciudad Vieja 1,UYMVD_SO2_T
788,SO2,24,02/11/2015,1,ug/m3,UYMVD_E5,576214,6138373,Tres Cruces 2,UYMVD_SO2_T
789,SO2,24,02/11/2015,1,ug/m3,UYMVD_E6,579230,6142255,Curva de Maronas,UYMVD_SO2_T
790,SO2,24,08/11/2015,1,ug/m3,UYMVD_E5,576214,6138373,Tres Cruces 2,UYMVD_SO2_T
791,SO2,24,08/11/2015,1,ug/m3,UYMVD_E6,579230,6142255,Curva de Maronas,UYMVD_SO2_T
792,SO2,24,08/11/2015,1,ug/m3,UYMVD_E7,583737,6139486,Portones de Carrasco 2,UYMVD_SO2_T
793,SO2,24,14/11/2015,1,ug/m3,UYMVD_E1,572831,6136774,Ciudad Vieja 1,UYMVD_SO2_T
794,SO2,24,14/11/2015,1,ug/m3,UYMVD_E5,576214,6138373,Tres Cruces 2,UYMVD_SO2_T
795,SO2,24,20/11/2015,1,ug/m3,UYMVD_E1,572831,6136774,Ciudad Vieja 1,UYMVD_SO2_T
796,SO2,24,20/11/2015,1,ug/m3,UYMVD_E5,576214,6138373,Tres Cruces 2,UYMVD_SO2_T
797,SO2,24,20/11/2015,1,ug/m3,UYMVD_E6,579230,6142255,Curva de Maronas,UYMVD_SO2_T
798,SO2,24,20/11/2015,1,ug/m3,UYMVD_E7,583737,6139486,Portones de Carrasco 2,UYMVD_SO2_T
799,SO2,24,26/11/2015,1,ug/m3,UYMVD_E1,572831,6136774,Ciudad Vieja 1,UYMVD_SO2_T
800,SO2,24,26/11/2015,1,ug/m3,UYMVD_E5,576214,6138373,Tres Cruces 2,UYMVD_SO2_T
801,SO2,24,26/11/2015,1,ug/m3,UYMVD_E6,579230,6142255,Curva de Maronas,UYMVD_SO2_T
802,SO2,24,02/12/2015,1,ug/m3,UYMVD_E1,572831,6136774,Ciudad Vieja 1,UYMVD_SO2_T
803,SO2,24,02/12/2015,1,ug/m3,UYMVD_E5,576214,6138373,Tres Cruces 2,UYMVD_SO2_T
804,SO2,24,02/12/2015,4,ug/m3,UYMVD_E6,579230,6142255,Curva de Maronas,UYMVD_SO2_T
805,SO2,24,08/12/2015,1,ug/m3,UYMVD_E1,572831,6136774,Ciudad Vieja 1,UYMVD_SO2_T
806,SO2,24,08/12/2015,1,ug/m3,UYMVD_E5,576214,6138373,Tres Cruces 2,UYMVD_SO2_T
807,SO2,24,08/12/2015,1,ug/m3,UYMVD_E6,579230,6142255,Curva de Maronas,UYMVD_SO2_T
808,SO2,24,14/12/2015,1,ug/m3,UYMVD_E1,572831,6136774,Ciudad Vieja 1,UYMVD_SO2_T
809,SO2,24,14/12/2015,1,ug/m3,UYMVD_E5,576214,6138373,Tres Cruces 2,UYMVD_SO2_T
810,SO2,24,14/12/2015,4,ug/m3,UYMVD_E6,579230,6142255,Curva de Maronas,UYMVD_SO2_T
811,SO2,24,20/12/2015,1,ug/m3,UYMVD_E5,576214,6138373,Tres Cruces 2,UYMVD_SO2_T
812,SO2,24,20/12/2015,1,ug/m3,UYMVD_E6,579230,6142255,Curva de Maronas,UYMVD_SO2_T
813,SO2,24,26/12/2015,1,ug/m3,UYMVD_E5,576214,6138373,Tres Cruces 2,UYMVD_SO2_T
814,SO2,24,26/12/2015,1,ug/m3,UYMVD_E6,579230,6142255,Curva de Maronas,UYMVD_SO2_T
815,SO2,24,26/12/2015,1,ug/m3,UYMVD_E7,583737,6139486,Portones de Carrasco 2,UYMVD_SO2_T
816,SO2,24,01/01/2016,1,ug/m3,UYMVD_E5,576214,6138373,Tres Cruces 2,UYMVD_SO2_T
817,SO2,24,01/01/2016,1,ug/m3,UYMVD_E6,579230,6142255,Curva de Maronas,UYMVD_SO2_T
818,SO2,24,07/01/2016,9,ug/m3,UYMVD_E1,572831,6136774,Ciudad Vieja 1,UYMVD_SO2_T
819,SO2,24,07/01/2016,5,ug/m3,UYMVD_E5,576214,6138373,Tres Cruces 2,UYMVD_SO2_T
820,SO2,24,07/01/2016,9,ug/m3,UYMVD_E6,579230,6142255,Curva de Maronas,UYMVD_SO2_T
821,SO2,24,07/01/2016,5,ug/m3,UYMVD_E7,583737,6139486,Portones de Carrasco 2,UYMVD_SO2_T
822,SO2,24,13/01/2016,1,ug/m3,UYMVD_E1,572831,6136774,Ciudad Vieja 1,UYMVD_SO2_T
823,SO2,24,13/01/2016,1,ug/m3,UYMVD_E5,576214,6138373,Tres Cruces 2,UYMVD_SO2_T
824,SO2,24,13/01/2016,1,ug/m3,UYMVD_E6,579230,6142255,Curva de Maronas,UYMVD_SO2_T
825,SO2,24,13/01/2016,1,ug/m3,UYMVD_E7,583737,6139486,Portones de Carrasco 2,UYMVD_SO2_T
826,SO2,24,19/01/2016,2,ug/m3,UYMVD_E1,572831,6136774,Ciudad Vieja 1,UYMVD_SO2_T
827,SO2,24,19/01/2016,1,ug/m3,UYMVD_E5,576214,6138373,Tres Cruces 2,UYMVD_SO2_T
828,SO2,24,19/01/2016,1,ug/m3,UYMVD_E6,579230,6142255,Curva de Maronas,UYMVD_SO2_T
829,SO2,24,19/01/2016,1,ug/m3,UYMVD_E7,583737,6139486,Portones de Carrasco 2,UYMVD_SO2_T
830,SO2,24,25/01/2016,2,ug/m3,UYMVD_E1,572831,6136774,Ciudad Vieja 1,UYMVD_SO2_T
831,SO2,24,25/01/2016,2,ug/m3,UYMVD_E5,576214,6138373,Tres Cruces 2,UYMVD_SO2_T
832,SO2,24,25/01/2016,1,ug/m3,UYMVD_E6,579230,6142255,Curva de Maronas,UYMVD_SO2_T
833,SO2,24,25/01/2016,1,ug/m3,UYMVD_E7,583737,6139486,Portones de Carrasco 2,UYMVD_SO2_T
834,SO2,24,31/01/2016,1,ug/m3,UYMVD_E5,576214,6138373,Tres Cruces 2,UYMVD_SO2_T
835,SO2,24,31/01/2016,1,ug/m3,UYMVD_E6,579230,6142255,Curva de Maronas,UYMVD_SO2_T
836,SO2,24,31/01/2016,2,ug/m3,UYMVD_E7,583737,6139486,Portones de Carrasco 2,UYMVD_SO2_T
837,SO2,24,06/02/2016,1,ug/m3,UYMVD_E5,576214,6138373,Tres Cruces 2,UYMVD_SO2_T
838,SO2,24,06/02/2016,1,ug/m3,UYMVD_E6,579230,6142255,Curva de Maronas,UYMVD_SO2_T
839,SO2,24,06/02/2016,1,ug/m3,UYMVD_E7,583737,6139486,Portones de Carrasco 2,UYMVD_SO2_T
840,SO2,24,12/02/2016,9,ug/m3,UYMVD_E1,572831,6136774,Ciudad Vieja 1,UYMVD_SO2_T
841,SO2,24,12/02/2016,2,ug/m3,UYMVD_E5,576214,6138373,Tres Cruces 2,UYMVD_SO2_T
842,SO2,24,12/02/2016,1,ug/m3,UYMVD_E6,579230,6142255,Curva de Maronas,UYMVD_SO2_T
843,SO2,24,12/02/2016,2,ug/m3,UYMVD_E7,583737,6139486,Portones de Carrasco 2,UYMVD_SO2_T
844,SO2,24,18/02/2016,4,ug/m3,UYMVD_E1,572831,6136774,Ciudad Vieja 1,UYMVD_SO2_T
845,SO2,24,18/02/2016,4,ug/m3,UYMVD_E5,576214,6138373,Tres Cruces 2,UYMVD_SO2_T
846,SO2,24,18/02/2016,7,ug/m3,UYMVD_E6,579230,6142255,Curva de Maronas,UYMVD_SO2_T
847,SO2,24,18/02/2016,3,ug/m3,UYMVD_E7,583737,6139486,Portones de Carrasco 2,UYMVD_SO2_T
848,SO2,24,24/02/2016,4,ug/m3,UYMVD_E1,572831,6136774,Ciudad Vieja 1,UYMVD_SO2_T
849,SO2,24,24/02/2016,7,ug/m3,UYMVD_E5,576214,6138373,Tres Cruces 2,UYMVD_SO2_T
850,SO2,24,01/03/2016,7,ug/m3,UYMVD_E5,576214,6138373,Tres Cruces 2,UYMVD_SO2_T
851,SO2,24,01/03/2016,4,ug/m3,UYMVD_E6,579230,6142255,Curva de Maronas,UYMVD_SO2_T
852,SO2,24,07/03/2016,1,ug/m3,UYMVD_E5,576214,6138373,Tres Cruces 2,UYMVD_SO2_T
853,SO2,24,07/03/2016,1,ug/m3,UYMVD_E6,579230,6142255,Curva de Maronas,UYMVD_SO2_T
854,SO2,24,07/03/2016,1,ug/m3,UYMVD_E7,583737,6139486,Portones de Carrasco 2,UYMVD_SO2_T
855,SO2,24,09/03/2016,1,ug/m3,UYMVD_E1,572831,6136774,Ciudad Vieja 1,UYMVD_SO2_T
856,SO2,24,13/03/2016,2,ug/m3,UYMVD_E1,572831,6136774,Ciudad Vieja 1,UYMVD_SO2_T
857,SO2,24,13/03/2016,1,ug/m3,UYMVD_E5,576214,6138373,Tres Cruces 2,UYMVD_SO2_T
858,SO2,24,13/03/2016,1,ug/m3,UYMVD_E6,579230,6142255,Curva de Maronas,UYMVD_SO2_T
859,SO2,24,13/03/2016,1,ug/m3,UYMVD_E7,583737,6139486,Portones de Carrasco 2,UYMVD_SO2_T
860,SO2,24,19/03/2016,1,ug/m3,UYMVD_E1,572831,6136774,Ciudad Vieja 1,UYMVD_SO2_T
861,SO2,24,19/03/2016,1,ug/m3,UYMVD_E5,576214,6138373,Tres Cruces 2,UYMVD_SO2_T
862,SO2,24,19/03/2016,1,ug/m3,UYMVD_E6,579230,6142255,Curva de Maronas,UYMVD_SO2_T
863,SO2,24,31/03/2016,1,ug/m3,UYMVD_E1,572831,6136774,Ciudad Vieja 1,UYMVD_SO2_T
864,SO2,24,31/03/2016,1,ug/m3,UYMVD_E5,576214,6138373,Tres Cruces 2,UYMVD_SO2_T
865,SO2,24,31/03/2016,1,ug/m3,UYMVD_E6,579230,6142255,Curva de Maronas,UYMVD_SO2_T
866,SO2,24,06/04/2016,1,ug/m3,UYMVD_E1,572831,6136774,Ciudad Vieja 1,UYMVD_SO2_T
867,SO2,24,06/04/2016,1,ug/m3,UYMVD_E5,576214,6138373,Tres Cruces 2,UYMVD_SO2_T
868,SO2,24,06/04/2016,1,ug/m3,UYMVD_E6,579230,6142255,Curva de Maronas,UYMVD_SO2_T
869,SO2,24,12/04/2016,1,ug/m3,UYMVD_E5,576214,6138373,Tres Cruces 2,UYMVD_SO2_T
870,SO2,24,12/04/2016,1,ug/m3,UYMVD_E6,579230,6142255,Curva de Maronas,UYMVD_SO2_T
871,SO2,24,12/04/2016,1,ug/m3,UYMVD_E7,583737,6139486,Portones de Carrasco 2,UYMVD_SO2_T
872,SO2,24,18/04/2016,1,ug/m3,UYMVD_E5,576214,6138373,Tres Cruces 2,UYMVD_SO2_T
873,SO2,24,18/04/2016,1,ug/m3,UYMVD_E6,579230,6142255,Curva de Maronas,UYMVD_SO2_T
874,SO2,24,18/04/2016,1,ug/m3,UYMVD_E7,583737,6139486,Portones de Carrasco 2,UYMVD_SO2_T
875,SO2,24,24/04/2016,1,ug/m3,UYMVD_E1,572831,6136774,Ciudad Vieja 1,UYMVD_SO2_T
876,SO2,24,24/04/2016,1,ug/m3,UYMVD_E5,576214,6138373,Tres Cruces 2,UYMVD_SO2_T
877,SO2,24,24/04/2016,1,ug/m3,UYMVD_E6,579230,6142255,Curva de Maronas,UYMVD_SO2_T
878,SO2,24,24/04/2016,1,ug/m3,UYMVD_E7,583737,6139486,Portones de Carrasco 2,UYMVD_SO2_T
879,SO2,24,30/04/2016,1,ug/m3,UYMVD_E1,572831,6136774,Ciudad Vieja 1,UYMVD_SO2_T
880,SO2,24,30/04/2016,1,ug/m3,UYMVD_E5,576214,6138373,Tres Cruces 2,UYMVD_SO2_T
881,SO2,24,30/04/2016,1,ug/m3,UYMVD_E6,579230,6142255,Curva de Maronas,UYMVD_SO2_T
882,SO2,24,30/04/2016,1,ug/m3,UYMVD_E7,583737,6139486,Portones de Carrasco 2,UYMVD_SO2_T
883,SO2,24,06/05/2016,1,ug/m3,UYMVD_E1,572831,6136774,Ciudad Vieja 1,UYMVD_SO2_T
884,SO2,24,06/05/2016,1,ug/m3,UYMVD_E5,576214,6138373,Tres Cruces 2,UYMVD_SO2_T
885,SO2,24,06/05/2016,5,ug/m3,UYMVD_E6,579230,6142255,Curva de Maronas,UYMVD_SO2_T
886,SO2,24,06/05/2016,1,ug/m3,UYMVD_E7,583737,6139486,Portones de Carrasco 2,UYMVD_SO2_T
887,SO2,24,12/05/2016,6,ug/m3,UYMVD_E1,572831,6136774,Ciudad Vieja 1,UYMVD_SO2_T
888,SO2,24,12/05/2016,1,ug/m3,UYMVD_E5,576214,6138373,Tres Cruces 2,UYMVD_SO2_T
889,SO2,24,12/05/2016,1,ug/m3,UYMVD_E6,579230,6142255,Curva de Maronas,UYMVD_SO2_T
890,SO2,24,12/05/2016,1,ug/m3,UYMVD_E7,583737,6139486,Portones de Carrasco 2,UYMVD_SO2_T
891,SO2,24,18/05/2016,1,ug/m3,UYMVD_E1,572831,6136774,Ciudad Vieja 1,UYMVD_SO2_T
892,SO2,24,18/05/2016,1,ug/m3,UYMVD_E5,576214,6138373,Tres Cruces 2,UYMVD_SO2_T
893,SO2,24,18/05/2016,1,ug/m3,UYMVD_E6,579230,6142255,Curva de Maronas,UYMVD_SO2_T
894,SO2,24,18/05/2016,1,ug/m3,UYMVD_E7,583737,6139486,Portones de Carrasco 2,UYMVD_SO2_T
895,SO2,24,24/05/2016,1,ug/m3,UYMVD_E1,572831,6136774,Ciudad Vieja 1,UYMVD_SO2_T
896,SO2,24,24/05/2016,1,ug/m3,UYMVD_E5,576214,6138373,Tres Cruces 2,UYMVD_SO2_T
897,SO2,24,24/05/2016,1,ug/m3,UYMVD_E6,579230,6142255,Curva de Maronas,UYMVD_SO2_T
898,SO2,24,24/05/2016,1,ug/m3,UYMVD_E7,583737,6139486,Portones de Carrasco 2,UYMVD_SO2_T
899,SO2,24,30/05/2016,1,ug/m3,UYMVD_E1,572831,6136774,Ciudad Vieja 1,UYMVD_SO2_T
900,SO2,24,30/05/2016,1,ug/m3,UYMVD_E5,576214,6138373,Tres Cruces 2,UYMVD_SO2_T
901,SO2,24,30/05/2016,7,ug/m3,UYMVD_E6,579230,6142255,Curva de Maronas,UYMVD_SO2_T
902,SO2,24,30/05/2016,1,ug/m3,UYMVD_E7,583737,6139486,Portones de Carrasco 2,UYMVD_SO2_T
903,SO2,24,05/06/2016,11,ug/m3,UYMVD_E1,572831,6136774,Ciudad Vieja 1,UYMVD_SO2_T
904,SO2,24,05/06/2016,1,ug/m3,UYMVD_E5,576214,6138373,Tres Cruces 2,UYMVD_SO2_T
905,SO2,24,05/06/2016,1,ug/m3,UYMVD_E6,579230,6142255,Curva de Maronas,UYMVD_SO2_T
906,SO2,24,11/06/2016,8,ug/m3,UYMVD_E1,572831,6136774,Ciudad Vieja 1,UYMVD_SO2_T
907,SO2,24,11/06/2016,1,ug/m3,UYMVD_E5,576214,6138373,Tres Cruces 2,UYMVD_SO2_T
908,SO2,24,11/06/2016,1,ug/m3,UYMVD_E6,579230,6142255,Curva de Maronas,UYMVD_SO2_T
909,SO2,24,11/06/2016,1,ug/m3,UYMVD_E7,583737,6139486,Portones de Carrasco 2,UYMVD_SO2_T
910,SO2,24,17/06/2016,18,ug/m3,UYMVD_E1,572831,6136774,Ciudad Vieja 1,UYMVD_SO2_T
911,SO2,24,17/06/2016,16,ug/m3,UYMVD_E5,576214,6138373,Tres Cruces 2,UYMVD_SO2_T
912,SO2,24,17/06/2016,1,ug/m3,UYMVD_E6,579230,6142255,Curva de Maronas,UYMVD_SO2_T
913,SO2,24,17/06/2016,7,ug/m3,UYMVD_E7,583737,6139486,Portones de Carrasco 2,UYMVD_SO2_T
914,SO2,24,23/06/2016,7,ug/m3,UYMVD_E1,572831,6136774,Ciudad Vieja 1,UYMVD_SO2_T
915,SO2,24,23/06/2016,1,ug/m3,UYMVD_E5,576214,6138373,Tres Cruces 2,UYMVD_SO2_T
916,SO2,24,23/06/2016,1,ug/m3,UYMVD_E6,579230,6142255,Curva de Maronas,UYMVD_SO2_T
917,SO2,24,23/06/2016,1,ug/m3,UYMVD_E7,583737,6139486,Portones de Carrasco 2,UYMVD_SO2_T
918,SO2,24,29/06/2016,2,ug/m3,UYMVD_E1,572831,6136774,Ciudad Vieja 1,UYMVD_SO2_T
919,SO2,24,29/06/2016,1,ug/m3,UYMVD_E5,576214,6138373,Tres Cruces 2,UYMVD_SO2_T
920,SO2,24,29/06/2016,1,ug/m3,UYMVD_E6,579230,6142255,Curva de Maronas,UYMVD_SO2_T
921,SO2,24,05/07/2016,1,ug/m3,UYMVD_E1,572831,6136774,Ciudad Vieja 1,UYMVD_SO2_T
922,SO2,24,05/07/2016,1,ug/m3,UYMVD_E5,576214,6138373,Tres Cruces 2,UYMVD_SO2_T
923,SO2,24,05/07/2016,1,ug/m3,UYMVD_E6,579230,6142255,Curva de Maronas,UYMVD_SO2_T
924,SO2,24,05/07/2016,1,ug/m3,UYMVD_E7,583737,6139486,Portones de Carrasco 2,UYMVD_SO2_T
925,SO2,24,11/07/2016,3,ug/m3,UYMVD_E1,572831,6136774,Ciudad Vieja 1,UYMVD_SO2_T
926,SO2,24,11/07/2016,3,ug/m3,UYMVD_E5,576214,6138373,Tres Cruces 2,UYMVD_SO2_T
927,SO2,24,11/07/2016,1,ug/m3,UYMVD_E6,579230,6142255,Curva de Maronas,UYMVD_SO2_T
928,SO2,24,11/07/2016,1,ug/m3,UYMVD_E7,583737,6139486,Portones de Carrasco 2,UYMVD_SO2_T
929,SO2,24,17/07/2016,1,ug/m3,UYMVD_E1,572831,6136774,Ciudad Vieja 1,UYMVD_SO2_T
930,SO2,24,17/07/2016,1,ug/m3,UYMVD_E5,576214,6138373,Tres Cruces 2,UYMVD_SO2_T
931,SO2,24,17/07/2016,1,ug/m3,UYMVD_E6,579230,6142255,Curva de Maronas,UYMVD_SO2_T
932,SO2,24,17/07/2016,1,ug/m3,UYMVD_E7,583737,6139486,Portones de Carrasco 2,UYMVD_SO2_T
933,SO2,24,23/07/2016,10,ug/m3,UYMVD_E1,572831,6136774,Ciudad Vieja 1,UYMVD_SO2_T
934,SO2,24,23/07/2016,6,ug/m3,UYMVD_E5,576214,6138373,Tres Cruces 2,UYMVD_SO2_T
935,SO2,24,23/07/2016,5,ug/m3,UYMVD_E6,579230,6142255,Curva de Maronas,UYMVD_SO2_T
936,SO2,24,23/07/2016,4,ug/m3,UYMVD_E7,583737,6139486,Portones de Carrasco 2,UYMVD_SO2_T
937,SO2,24,29/07/2016,8,ug/m3,UYMVD_E1,572831,6136774,Ciudad Vieja 1,UYMVD_SO2_T
938,SO2,24,29/07/2016,11,ug/m3,UYMVD_E5,576214,6138373,Tres Cruces 2,UYMVD_SO2_T
939,SO2,24,29/07/2016,6,ug/m3,UYMVD_E6,579230,6142255,Curva de Maronas,UYMVD_SO2_T
940,SO2,24,04/08/2016,4,ug/m3,UYMVD_E1,572831,6136774,Ciudad Vieja 1,UYMVD_SO2_T
941,SO2,24,04/08/2016,5,ug/m3,UYMVD_E5,576214,6138373,Tres Cruces 2,UYMVD_SO2_T
942,SO2,24,04/08/2016,1,ug/m3,UYMVD_E6,579230,6142255,Curva de Maronas,UYMVD_SO2_T
943,SO2,24,04/08/2016,1,ug/m3,UYMVD_E7,583737,6139486,Portones de Carrasco 2,UYMVD_SO2_T
944,SO2,24,10/08/2016,16,ug/m3,UYMVD_E1,572832,6136774,Ciudad Vieja 1,UYMVD_SO2_T
945,SO2,24,10/08/2016,11,ug/m3,UYMVD_E5,576214,6138373,Tres Cruces 2,UYMVD_SO2_T
946,SO2,24,10/08/2016,1,ug/m3,UYMVD_E6,579230,6142255,Curva de Maronas,UYMVD_SO2_T
947,SO2,24,10/08/2016,1,ug/m3,UYMVD_E7,583737,6139486,Portones de Carrasco 2,UYMVD_SO2_T
948,SO2,24,16/08/2016,24,ug/m3,UYMVD_E1,572832,6136774,Ciudad Vieja 1,UYMVD_SO2_T
949,SO2,24,16/08/2016,10,ug/m3,UYMVD_E5,576214,6138373,Tres Cruces 2,UYMVD_SO2_T
950,SO2,24,16/08/2016,1,ug/m3,UYMVD_E6,579230,6142255,Curva de Maronas,UYMVD_SO2_T
951,SO2,24,16/08/2016,1,ug/m3,UYMVD_E7,583737,6139486,Portones de Carrasco 2,UYMVD_SO2_T
952,SO2,24,22/08/2016,39,ug/m3,UYMVD_E1,572832,6136774,Ciudad Vieja 1,UYMVD_SO2_T
953,SO2,24,22/08/2016,18,ug/m3,UYMVD_E5,576214,6138373,Tres Cruces 2,UYMVD_SO2_T
954,SO2,24,22/08/2016,1,ug/m3,UYMVD_E6,579230,6142255,Curva de Maronas,UYMVD_SO2_T
955,SO2,24,22/08/2016,1,ug/m3,UYMVD_E7,583737,6139486,Portones de Carrasco 2,UYMVD_SO2_T
956,SO2,24,28/08/2016,1,ug/m3,UYMVD_E1,572832,6136774,Ciudad Vieja 1,UYMVD_SO2_T
957,SO2,24,28/08/2016,5,ug/m3,UYMVD_E5,576214,6138373,Tres Cruces 2,UYMVD_SO2_T
958,SO2,24,28/08/2016,1,ug/m3,UYMVD_E6,579230,6142255,Curva de Maronas,UYMVD_SO2_T
959,SO2,24,28/08/2016,1,ug/m3,UYMVD_E7,583737,6139486,Portones de Carrasco 2,UYMVD_SO2_T
960,SO2,24,03/09/2016,1,ug/m3,UYMVD_E1,572832,6136774,Ciudad Vieja 1,UYMVD_SO2_T
961,SO2,24,03/09/2016,10,ug/m3,UYMVD_E5,576214,6138373,Tres Cruces 2,UYMVD_SO2_T
962,SO2,24,03/09/2016,1,ug/m3,UYMVD_E6,579230,6142255,Curva de Maronas,UYMVD_SO2_T
963,SO2,24,03/09/2016,1,ug/m3,UYMVD_E7,583737,6139486,Portones de Carrasco 2,UYMVD_SO2_T
964,SO2,24,09/09/2016,8,ug/m3,UYMVD_E1,572832,6136774,Ciudad Vieja 1,UYMVD_SO2_T
965,SO2,24,09/09/2016,1,ug/m3,UYMVD_E5,576214,6138373,Tres Cruces 2,UYMVD_SO2_T
966,SO2,24,09/09/2016,1,ug/m3,UYMVD_E6,579230,6142255,Curva de Maronas,UYMVD_SO2_T
967,SO2,24,15/09/2016,1,ug/m3,UYMVD_E1,572832,6136774,Ciudad Vieja 1,UYMVD_SO2_T
968,SO2,24,15/09/2016,1,ug/m3,UYMVD_E5,576214,6138373,Tres Cruces 2,UYMVD_SO2_T
969,SO2,24,15/09/2016,1,ug/m3,UYMVD_E6,579230,6142255,Curva de Maronas,UYMVD_SO2_T
970,SO2,24,15/09/2016,7,ug/m3,UYMVD_E7,583737,6139486,Portones de Carrasco 2,UYMVD_SO2_T
971,SO2,24,21/09/2016,1,ug/m3,UYMVD_E5,576214,6138373,Tres Cruces 2,UYMVD_SO2_T
972,SO2,24,21/09/2016,1,ug/m3,UYMVD_E6,579230,6142255,Curva de Maronas,UYMVD_SO2_T
973,SO2,24,21/09/2016,1,ug/m3,UYMVD_E7,583737,6139486,Portones de Carrasco 2,UYMVD_SO2_T
974,SO2,24,27/09/2016,6,ug/m3,UYMVD_E1,572832,6136774,Ciudad Vieja 1,UYMVD_SO2_T
975,SO2,24,27/09/2016,4,ug/m3,UYMVD_E5,576214,6138373,Tres Cruces 2,UYMVD_SO2_T
976,SO2,24,27/09/2016,1,ug/m3,UYMVD_E6,579230,6142255,Curva de Maronas,UYMVD_SO2_T
977,SO2,24,03/10/2016,1,ug/m3,UYMVD_E1,572832,6136774,Ciudad Vieja 1,UYMVD_SO2_T
978,SO2,24,03/10/2016,1,ug/m3,UYMVD_E5,576214,6138373,Tres Cruces 2,UYMVD_SO2_T
979,SO2,24,03/10/2016,1,ug/m3,UYMVD_E6,579230,6142255,Curva de Maronas,UYMVD_SO2_T
980,SO2,24,03/10/2016,1,ug/m3,UYMVD_E7,583737,6139486,Portones de Carrasco 2,UYMVD_SO2_T
981,SO2,24,09/10/2016,1,ug/m3,UYMVD_E5,576214,6138373,Tres Cruces 2,UYMVD_SO2_T
982,SO2,24,09/10/2016,1,ug/m3,UYMVD_E6,579230,6142255,Curva de Maronas,UYMVD_SO2_T
983,SO2,24,09/10/2016,1,ug/m3,UYMVD_E7,583737,6139486,Portones de Carrasco 2,UYMVD_SO2_T
984,SO2,24,15/10/2016,1,ug/m3,UYMVD_E1,572832,6136774,Ciudad Vieja 1,UYMVD_SO2_T
985,SO2,24,15/10/2016,1,ug/m3,UYMVD_E6,579230,6142255,Curva de Maronas,UYMVD_SO2_T
986,SO2,24,15/10/2016,1,ug/m3,UYMVD_E7,583737,6139486,Portones de Carrasco 2,UYMVD_SO2_T
987,SO2,24,21/10/2016,1,ug/m3,UYMVD_E1,572832,6136774,Ciudad Vieja 1,UYMVD_SO2_T
988,SO2,24,21/10/2016,1,ug/m3,UYMVD_E5,576214,6138373,Tres Cruces 2,UYMVD_SO2_T
989,SO2,24,21/10/2016,2,ug/m3,UYMVD_E6,579230,6142255,Curva de Maronas,UYMVD_SO2_T
990,SO2,24,27/10/2016,1,ug/m3,UYMVD_E1,572832,6136774,Ciudad Vieja 1,UYMVD_SO2_T
991,SO2,24,27/10/2016,1,ug/m3,UYMVD_E5,576214,6138373,Tres Cruces 2,UYMVD_SO2_T
992,SO2,24,02/11/2016,1,ug/m3,UYMVD_E1,572832,6136774,Ciudad Vieja 1,UYMVD_SO2_T
993,SO2,24,02/11/2016,1,ug/m3,UYMVD_E5,576214,6138373,Tres Cruces 2,UYMVD_SO2_T
994,SO2,24,08/11/2016,1,ug/m3,UYMVD_E1,572832,6136774,Ciudad Vieja 1,UYMVD_SO2_T
995,SO2,24,08/11/2016,1,ug/m3,UYMVD_E5,576214,6138373,Tres Cruces 2,UYMVD_SO2_T
996,SO2,24,14/11/2016,9,ug/m3,UYMVD_E1,572832,6136774,Ciudad Vieja 1,UYMVD_SO2_T
997,SO2,24,14/11/2016,3,ug/m3,UYMVD_E5,576214,6138373,Tres Cruces 2,UYMVD_SO2_T
998,SO2,24,20/11/2016,1,ug/m3,UYMVD_E1,572832,6136774,Ciudad Vieja 1,UYMVD_SO2_T
999,SO2,24,20/11/2016,1,ug/m3,UYMVD_E5,576214,6138373,Tres Cruces 2,UYMVD_SO2_T
1000,SO2,24,20/11/2016,2,ug/m3,UYMVD_E6,579230,6142255,Curva de Maronas,UYMVD_SO2_T
1001,SO2,24,26/11/2016,1,ug/m3,UYMVD_E1,572832,6136774,Ciudad Vieja 1,UYMVD_SO2_T
1002,SO2,24,26/11/2016,1,ug/m3,UYMVD_E5,576214,6138373,Tres Cruces 2,UYMVD_SO2_T
1003,SO2,24,02/12/2016,5,ug/m3,UYMVD_E1,572832,6136774,Ciudad Vieja 1,UYMVD_SO2_T
1004,SO2,24,02/12/2016,1,ug/m3,UYMVD_E5,576214,6138373,Tres Cruces 2,UYMVD_SO2_T
1005,SO2,24,08/12/2016,1,ug/m3,UYMVD_E1,572832,6136774,Ciudad Vieja 1,UYMVD_SO2_T
1006,SO2,24,08/12/2016,1,ug/m3,UYMVD_E5,576214,6138373,Tres Cruces 2,UYMVD_SO2_T
1007,SO2,24,08/12/2016,1,ug/m3,UYMVD_E7,583737,6139486,Portones de Carrasco 2,UYMVD_SO2_T
1008,SO2,24,14/12/2016,1,ug/m3,UYMVD_E1,572832,6136774,Ciudad Vieja 1,UYMVD_SO2_T
1009,SO2,24,14/12/2016,1,ug/m3,UYMVD_E5,576214,6138373,Tres Cruces 2,UYMVD_SO2_T
1010,SO2,24,14/12/2016,1,ug/m3,UYMVD_E6,579230,6142255,Curva de Maronas,UYMVD_SO2_T
1011,SO2,24,14/12/2016,1,ug/m3,UYMVD_E7,583737,6139486,Portones de Carrasco 2,UYMVD_SO2_T
1012,SO2,24,20/12/2016,1,ug/m3,UYMVD_E5,576214,6138373,Tres Cruces 2,UYMVD_SO2_T
1013,SO2,24,20/12/2016,1,ug/m3,UYMVD_E6,579230,6142255,Curva de Maronas,UYMVD_SO2_T
1014,SO2,24,26/12/2016,1,ug/m3,UYMVD_E1,572832,6136774,Ciudad Vieja 1,UYMVD_SO2_T
1015,SO2,24,26/12/2016,1,ug/m3,UYMVD_E5,576214,6138373,Tres Cruces 2,UYMVD_SO2_T
1016,SO2,24,26/12/2016,1,ug/m3,UYMVD_E6,579230,6142255,Curva de Maronas,UYMVD_SO2_T
1017,SO2,24,26/12/2016,1,ug/m3,UYMVD_E7,583737,6139486,Portones de Carrasco 2,UYMVD_SO2_T
1018,SO2,24,01/01/2017,5,,UYMVD_E1,572831,6136774,Ciudad Vieja 1,UYMVD_SO2_T
1019,SO2,24,01/01/2017,2,,UYMVD_E5,576214,6138373,Tres Cruces 2,UYMVD_SO2_T
1020,SO2,24,01/01/2017,1,,UYMVD_E6,579229,6142255,Curva de Maronas,UYMVD_SO2_T
1021,SO2,24,13/01/2017,9,,UYMVD_E1,572831,6136774,Ciudad Vieja 1,UYMVD_SO2_T
1022,SO2,24,13/01/2017,2,,UYMVD_E5,576214,6138373,Tres Cruces 2,UYMVD_SO2_T
1023,SO2,24,13/01/2017,1,,UYMVD_E6,579229,6142255,Curva de Maronas,UYMVD_SO2_T
1024,SO2,24,25/01/2017,1,,UYMVD_E1,572831,6136774,Ciudad Vieja 1,UYMVD_SO2_T
1025,SO2,24,25/01/2017,1,,UYMVD_E5,576214,6138373,Tres Cruces 2,UYMVD_SO2_T
1026,SO2,24,25/01/2017,1,,UYMVD_E6,579229,6142255,Curva de Maronas,UYMVD_SO2_T
1027,SO2,24,25/01/2017,0,,UYMVD_E7,583737,6139486,Portones de Carrasco 2,UYMVD_SO2_T
1028,SO2,24,06/02/2017,1,,UYMVD_E1,572831,6136774,Ciudad Vieja 1,UYMVD_SO2_T
1029,SO2,24,06/02/2017,1,,UYMVD_E5,576214,6138373,Tres Cruces 2,UYMVD_SO2_T
1030,SO2,24,06/02/2017,1,,UYMVD_E7,583737,6139486,Portones de Carrasco 2,UYMVD_SO2_T
1031,SO2,24,18/02/2017,0,,UYMVD_E1,572831,6136774,Ciudad Vieja 1,UYMVD_SO2_T
1032,SO2,24,18/02/2017,1,,UYMVD_E5,576214,6138373,Tres Cruces 2,UYMVD_SO2_T
1033,SO2,24,18/02/2017,1,,UYMVD_E6,579229,6142255,Curva de Maronas,UYMVD_SO2_T
1034,SO2,24,18/02/2017,0,,UYMVD_E7,583737,6139486,Portones de Carrasco 2,UYMVD_SO2_T
1035,SO2,24,02/03/2017,5,,UYMVD_E1,572831,6136774,Ciudad Vieja 1,UYMVD_SO2_T
1036,SO2,24,02/03/2017,1,,UYMVD_E5,576214,6138373,Tres Cruces 2,UYMVD_SO2_T
1037,SO2,24,02/03/2017,1,,UYMVD_E6,579229,6142255,Curva de Maronas,UYMVD_SO2_T
1038,SO2,24,02/03/2017,2,,UYMVD_E7,583737,6139486,Portones de Carrasco 2,UYMVD_SO2_T
1039,SO2,24,14/03/2017,19,,UYMVD_E1,572831,6136774,Ciudad Vieja 1,UYMVD_SO2_T
1040,SO2,24,14/03/2017,5,,UYMVD_E5,576214,6138373,Tres Cruces 2,UYMVD_SO2_T
1041,SO2,24,14/03/2017,NA,,UYMVD_E6,579229,6142255,Curva de Maronas,UYMVD_SO2_T
1042,SO2,24,14/03/2017,5,,UYMVD_E7,583737,6139486,Portones de Carrasco 2,UYMVD_SO2_T
1043,SO2,24,26/03/2017,NA,,UYMVD_E1,572831,6136774,Ciudad Vieja 1,UYMVD_SO2_T
1044,SO2,24,26/03/2017,NA,,UYMVD_E5,576214,6138373,Tres Cruces 2,UYMVD_SO2_T
1045,SO2,24,26/03/2017,NA,,UYMVD_E6,579229,6142255,Curva de Maronas,UYMVD_SO2_T
1046,SO2,24,26/03/2017,NA,,UYMVD_E7,583737,6139486,Portones de Carrasco 2,UYMVD_SO2_T
1047,SO2,24,07/04/2017,NA,,UYMVD_E1,572831,6136774,Ciudad Vieja 1,UYMVD_SO2_T
1048,SO2,24,07/04/2017,NA,,UYMVD_E5,576214,6138373,Tres Cruces 2,UYMVD_SO2_T
1049,SO2,24,07/04/2017,NA,,UYMVD_E6,579229,6142255,Curva de Maronas,UYMVD_SO2_T
1050,SO2,24,07/04/2017,NA,,UYMVD_E7,583737,6139486,Portones de Carrasco 2,UYMVD_SO2_T
1051,SO2,24,19/04/2017,NA,,UYMVD_E5,576214,6138373,Tres Cruces 2,UYMVD_SO2_T
1052,SO2,24,19/04/2017,NA,,UYMVD_E6,579229,6142255,Curva de Maronas,UYMVD_SO2_T
1053,SO2,24,19/04/2017,NA,,UYMVD_E7,583737,6139486,Portones de Carrasco 2,UYMVD_SO2_T
1054,SO2,24,01/05/2017,NA,,UYMVD_E1,572831,6136774,Ciudad Vieja 1,UYMVD_SO2_T
1055,SO2,24,01/05/2017,NA,,UYMVD_E5,576214,6138373,Tres Cruces 2,UYMVD_SO2_T
1056,SO2,24,01/05/2017,NA,,UYMVD_E6,579229,6142255,Curva de Maronas,UYMVD_SO2_T
1057,SO2,24,01/05/2017,NA,,UYMVD_E7,583737,6139486,Portones de Carrasco 2,UYMVD_SO2_T
1058,SO2,24,13/05/2017,NA,,UYMVD_E1,572831,6136774,Ciudad Vieja 1,UYMVD_SO2_T
1059,SO2,24,13/05/2017,NA,,UYMVD_E5,576214,6138373,Tres Cruces 2,UYMVD_SO2_T
1060,SO2,24,13/05/2017,NA,,UYMVD_E6,579229,6142255,Curva de Maronas,UYMVD_SO2_T
1061,SO2,24,13/05/2017,NA,,UYMVD_E7,583737,6139486,Portones de Carrasco 2,UYMVD_SO2_T
1062,SO2,24,25/05/2017,NA,,UYMVD_E1,572831,6136774,Ciudad Vieja 1,UYMVD_SO2_T
1063,SO2,24,25/05/2017,NA,,UYMVD_E5,576214,6138373,Tres Cruces 2,UYMVD_SO2_T
1064,SO2,24,25/05/2017,NA,,UYMVD_E6,579229,6142255,Curva de Maronas,UYMVD_SO2_T
1065,SO2,24,25/05/2017,NA,,UYMVD_E7,583737,6139486,Portones de Carrasco 2,UYMVD_SO2_T
1066,SO2,24,06/06/2017,NA,,UYMVD_E1,572831,6136774,Ciudad Vieja 1,UYMVD_SO2_T
1067,SO2,24,06/06/2017,NA,,UYMVD_E5,576214,6138373,Tres Cruces 2,UYMVD_SO2_T
1068,SO2,24,06/06/2017,NA,,UYMVD_E6,579229,6142255,Curva de Maronas,UYMVD_SO2_T
1069,SO2,24,06/06/2017,NA,,UYMVD_E7,583737,6139486,Portones de Carrasco 2,UYMVD_SO2_T
1070,SO2,24,18/06/2017,NA,,UYMVD_E1,572831,6136774,Ciudad Vieja 1,UYMVD_SO2_T
1071,SO2,24,18/06/2017,NA,,UYMVD_E5,576214,6138373,Tres Cruces 2,UYMVD_SO2_T
1072,SO2,24,18/06/2017,NA,,UYMVD_E6,579229,6142255,Curva de Maronas,UYMVD_SO2_T
1073,SO2,24,18/06/2017,NA,,UYMVD_E7,583737,6139486,Portones de Carrasco 2,UYMVD_SO2_T
1074,SO2,24,30/06/2017,NA,,UYMVD_E1,572831,6136774,Ciudad Vieja 1,UYMVD_SO2_T
1075,SO2,24,30/06/2017,NA,,UYMVD_E5,576214,6138373,Tres Cruces 2,UYMVD_SO2_T
1076,SO2,24,30/06/2017,NA,,UYMVD_E6,579229,6142255,Curva de Maronas,UYMVD_SO2_T
1077,SO2,24,30/06/2017,NA,,UYMVD_E7,583737,6139486,Portones de Carrasco 2,UYMVD_SO2_T
1078,SO2,24,12/07/2017,NA,,UYMVD_E1,572831,6136774,Ciudad Vieja 1,UYMVD_SO2_T
1079,SO2,24,12/07/2017,NA,,UYMVD_E5,576214,6138373,Tres Cruces 2,UYMVD_SO2_T
1080,SO2,24,12/07/2017,NA,,UYMVD_E6,579229,6142255,Curva de Maronas,UYMVD_SO2_T
1081,SO2,24,12/07/2017,NA,,UYMVD_E7,583737,6139486,Portones de Carrasco 2,UYMVD_SO2_T
1082,SO2,24,24/07/2017,NA,,UYMVD_E1,572831,6136774,Ciudad Vieja 1,UYMVD_SO2_T
1083,SO2,24,24/07/2017,NA,,UYMVD_E5,576214,6138373,Tres Cruces 2,UYMVD_SO2_T
1084,SO2,24,24/07/2017,NA,,UYMVD_E6,579229,6142255,Curva de Maronas,UYMVD_SO2_T
1085,SO2,24,24/07/2017,NA,,UYMVD_E7,583737,6139486,Portones de Carrasco 2,UYMVD_SO2_T
1086,SO2,24,05/08/2017,NA,,UYMVD_E1,572831,6136774,Ciudad Vieja 1,UYMVD_SO2_T
1087,SO2,24,05/08/2017,NA,,UYMVD_E5,576214,6138373,Tres Cruces 2,UYMVD_SO2_T
1088,SO2,24,05/08/2017,NA,,UYMVD_E6,579229,6142255,Curva de Maronas,UYMVD_SO2_T
1089,SO2,24,05/08/2017,NA,,UYMVD_E7,583737,6139486,Portones de Carrasco 2,UYMVD_SO2_T
1090,SO2,24,17/08/2017,NA,,UYMVD_E1,572831,6136774,Ciudad Vieja 1,UYMVD_SO2_T
1091,SO2,24,17/08/2017,NA,,UYMVD_E6,579229,6142255,Curva de Maronas,UYMVD_SO2_T
1092,SO2,24,17/08/2017,NA,,UYMVD_E7,583737,6139486,Portones de Carrasco 2,UYMVD_SO2_T
1093,SO2,24,29/08/2017,NA,,UYMVD_E1,572831,6136774,Ciudad Vieja 1,UYMVD_SO2_T
1094,SO2,24,29/08/2017,NA,,UYMVD_E6,579229,6142255,Curva de Maronas,UYMVD_SO2_T
1095,SO2,24,29/08/2017,NA,,UYMVD_E7,583737,6139486,Portones de Carrasco 2,UYMVD_SO2_T
1096,SO2,24,10/09/2017,NA,,UYMVD_E1,572831,6136774,Ciudad Vieja 1,UYMVD_SO2_T
1097,SO2,24,10/09/2017,NA,,UYMVD_E5,576214,6138373,Tres Cruces 2,UYMVD_SO2_T
1098,SO2,24,10/09/2017,NA,,UYMVD_E6,579229,6142255,Curva de Maronas,UYMVD_SO2_T
1099,SO2,24,10/09/2017,NA,,UYMVD_E7,583737,6139486,Portones de Carrasco 2,UYMVD_SO2_T
1100,SO2,24,22/09/2017,NA,,UYMVD_E1,572831,6136774,Ciudad Vieja 1,UYMVD_SO2_T
1101,SO2,24,22/09/2017,NA,,UYMVD_E5,576214,6138373,Tres Cruces 2,UYMVD_SO2_T
1102,SO2,24,22/09/2017,NA,,UYMVD_E6,579229,6142255,Curva de Maronas,UYMVD_SO2_T
1103,SO2,24,22/09/2017,NA,,UYMVD_E7,583737,6139486,Portones de Carrasco 2,UYMVD_SO2_T
1104,SO2,24,04/10/2017,21,,UYMVD_E1,572831,6136774,Ciudad Vieja 1,UYMVD_SO2_T
1105,SO2,24,04/10/2017,27,,UYMVD_E5,576214,6138373,Tres Cruces 2,UYMVD_SO2_T
1106,SO2,24,04/10/2017,18,,UYMVD_E6,579229,6142255,Curva de Maronas,UYMVD_SO2_T
1107,SO2,24,16/10/2017,7,,UYMVD_E1,572831,6136774,Ciudad Vieja 1,UYMVD_SO2_T
1108,SO2,24,16/10/2017,7,,UYMVD_E5,576214,6138373,Tres Cruces 2,UYMVD_SO2_T
1109,SO2,24,16/10/2017,8,,UYMVD_E6,579229,6142255,Curva de Maronas,UYMVD_SO2_T
1110,SO2,24,28/10/2017,7,,UYMVD_E1,572831,6136774,Ciudad Vieja 1,UYMVD_SO2_T
1111,SO2,24,28/10/2017,6,,UYMVD_E6,579229,6142255,Curva de Maronas,UYMVD_SO2_T
1112,SO2,24,28/10/2017,6,,UYMVD_E7,583737,6139486,Portones de Carrasco 2,UYMVD_SO2_T
1113,SO2,24,09/11/2017,9,,UYMVD_E1,572831,6136774,Ciudad Vieja 1,UYMVD_SO2_T
1114,SO2,24,09/11/2017,10,,UYMVD_E5,576214,6138373,Tres Cruces 2,UYMVD_SO2_T
1115,SO2,24,09/11/2017,7,,UYMVD_E6,579229,6142255,Curva de Maronas,UYMVD_SO2_T
1116,SO2,24,21/11/2017,4,,UYMVD_E1,572831,6136774,Ciudad Vieja 1,UYMVD_SO2_T
1117,SO2,24,21/11/2017,5,,UYMVD_E5,576214,6138373,Tres Cruces 2,UYMVD_SO2_T
1118,SO2,24,21/11/2017,5,,UYMVD_E6,579229,6142255,Curva de Maronas,UYMVD_SO2_T
1119,SO2,24,03/12/2017,4,,UYMVD_E1,572831,6136774,Ciudad Vieja 1,UYMVD_SO2_T
1120,SO2,24,03/12/2017,4,,UYMVD_E5,576214,6138373,Tres Cruces 2,UYMVD_SO2_T
1121,SO2,24,03/12/2017,3,,UYMVD_E6,579229,6142255,Curva de Maronas,UYMVD_SO2_T
1122,SO2,24,15/12/2017,9,,UYMVD_E1,572831,6136774,Ciudad Vieja 1,UYMVD_SO2_T
1123,SO2,24,15/12/2017,14,,UYMVD_E5,576214,6138373,Tres Cruces 2,UYMVD_SO2_T
1124,SO2,24,15/12/2017,11,,UYMVD_E6,579229,6142255,Curva de Maronas,UYMVD_SO2_T
1125,SO2,24,15/12/2017,NA,,UYMVD_E7,583737,6139486,Portones de Carrasco 2,UYMVD_SO2_T
1126,SO2,24,27/12/2017,8,,UYMVD_E1,572831,6136774,Ciudad Vieja 1,UYMVD_SO2_T
1127,SO2,24,27/12/2017,6,,UYMVD_E5,576214,6138373,Tres Cruces 2,UYMVD_SO2_T
1128,SO2,24,27/12/2017,5,,UYMVD_E6,579229,6142255,Curva de Maronas,UYMVD_SO2_T
1129,SO2,24,27/12/2017,5,,UYMVD_E7,583737,6139486,Portones de Carrasco 2,UYMVD_SO2_T
1130,SO2,24,08/01/2018,6,ug/m3,UYMVD_E5,576214,6138373,Tres Cruces 2,UYMVD_SO2_T
1131,SO2,24,08/01/2018,5,ug/m3,UYMVD_E6,579229,6142255,Curva de Maronas,UYMVD_SO2_T
1132,SO2,24,20/01/2018,5,ug/m3,UYMVD_E5,576214,6138373,Tres Cruces 2,UYMVD_SO2_T
1133,SO2,24,20/01/2018,5,ug/m3,UYMVD_E6,579229,6142255,Curva de Maronas,UYMVD_SO2_T
1134,SO2,24,20/01/2018,5,ug/m3,UYMVD_E7,583737,6139486,Portones de Carrasco 2,UYMVD_SO2_T
1135,SO2,24,01/02/2018,9,ug/m3,UYMVD_E1,572831,6136774,Ciudad Vieja 1,UYMVD_SO2_T
1136,SO2,24,01/02/2018,11,ug/m3,UYMVD_E5,576214,6138373,Tres Cruces 2,UYMVD_SO2_T
1137,SO2,24,01/02/2018,5,ug/m3,UYMVD_E6,579229,6142255,Curva de Maronas,UYMVD_SO2_T
1138,SO2,24,01/02/2018,6,ug/m3,UYMVD_E7,583737,6139486,Portones de Carrasco 2,UYMVD_SO2_T
1139,SO2,24,13/02/2018,7,ug/m3,UYMVD_E1,572831,6136774,Ciudad Vieja 1,UYMVD_SO2_T
1140,SO2,24,13/02/2018,5,ug/m3,UYMVD_E5,576214,6138373,Tres Cruces 2,UYMVD_SO2_T
1141,SO2,24,13/02/2018,4,ug/m3,UYMVD_E6,579229,6142255,Curva de Maronas,UYMVD_SO2_T
1142,SO2,24,13/02/2018,5,ug/m3,UYMVD_E7,583737,6139486,Portones de Carrasco 2,UYMVD_SO2_T
1143,SO2,24,25/02/2018,13,ug/m3,UYMVD_E1,572831,6136774,Ciudad Vieja 1,UYMVD_SO2_T
1144,SO2,24,25/02/2018,5,ug/m3,UYMVD_E5,576214,6138373,Tres Cruces 2,UYMVD_SO2_T
1145,SO2,24,25/02/2018,12,ug/m3,UYMVD_E6,579229,6142255,Curva de Maronas,UYMVD_SO2_T
1146,SO2,24,25/02/2018,15,ug/m3,UYMVD_E7,583737,6139486,Portones de Carrasco 2,UYMVD_SO2_T
1147,SO2,24,09/03/2018,18,ug/m3,UYMVD_E1,572831,6136774,Ciudad Vieja 1,UYMVD_SO2_T
1148,SO2,24,09/03/2018,5,ug/m3,UYMVD_E5,576214,6138373,Tres Cruces 2,UYMVD_SO2_T
1149,SO2,24,09/03/2018,6,ug/m3,UYMVD_E6,579229,6142255,Curva de Maronas,UYMVD_SO2_T
1150,SO2,24,09/03/2018,5,ug/m3,UYMVD_E7,583737,6139486,Portones de Carrasco 2,UYMVD_SO2_T
1151,SO2,24,21/03/2018,5,ug/m3,UYMVD_E1,572831,6136774,Ciudad Vieja 1,UYMVD_SO2_T
1152,SO2,24,21/03/2018,5,ug/m3,UYMVD_E5,576214,6138373,Tres Cruces 2,UYMVD_SO2_T
1153,SO2,24,21/03/2018,5,ug/m3,UYMVD_E6,579229,6142255,Curva de Maronas,UYMVD_SO2_T
1154,SO2,24,21/03/2018,4,ug/m3,UYMVD_E7,583737,6139486,Portones de Carrasco 2,UYMVD_SO2_T
1155,SO2,24,02/04/2018,9,ug/m3,UYMVD_E1,572831,6136774,Ciudad Vieja 1,UYMVD_SO2_T
1156,SO2,24,02/04/2018,6,ug/m3,UYMVD_E5,576214,6138373,Tres Cruces 2,UYMVD_SO2_T
1157,SO2,24,02/04/2018,7,ug/m3,UYMVD_E6,579229,6142255,Curva de Maronas,UYMVD_SO2_T
1158,SO2,24,02/04/2018,6,ug/m3,UYMVD_E7,583737,6139486,Portones de Carrasco 2,UYMVD_SO2_T
1159,SO2,24,14/04/2018,10,ug/m3,UYMVD_E1,572831,6136774,Ciudad Vieja 1,UYMVD_SO2_T
1160,SO2,24,14/04/2018,10,ug/m3,UYMVD_E5,576214,6138373,Tres Cruces 2,UYMVD_SO2_T
